Area Code,Area Code (M49),Area,Months Code,Months,Element Code,Element,Year Code,Year,Unit,Value,Flag
154,'807,North Macedonia,7001,January,7271,Temperature change,1992,1992,°C,0.185000,E
154,'807,North Macedonia,7001,January,7271,Temperature change,1993,1993,°C,-0.393000,E
154,'807,North Macedonia,7001,January,7271,Temperature change,1994,1994,°C,2.815000,E
154,'807,North Macedonia,7001,January,7271,Temperature change,1995,1995,°C,-0.114000,E
154,'807,North Macedonia,7001,January,7271,Temperature change,1996,1996,°C,0.658000,E
154,'807,North Macedonia,7001,January,7271,Temperature change,1997,1997,°C,1.933000,E
154,'807,North Macedonia,7001,January,7271,Temperature change,1998,1998,°C,2.239000,E
154,'807,North Macedonia,7001,January,7271,Temperature change,1999,1999,°C,0.972000,E
154,'807,North Macedonia,7001,January,7271,Temperature change,2000,2000,°C,-3.008000,E
154,'807,North Macedonia,7001,January,7271,Temperature change,2001,2001,°C,3.083000,E
154,'807,North Macedonia,7001,January,7271,Temperature change,2002,2002,°C,-1.013000,E
154,'807,North Macedonia,7001,January,7271,Temperature change,2003,2003,°C,2.079000,E
154,'807,North Macedonia,7001,January,7271,Temperature change,2004,2004,°C,-0.660000,E
154,'807,North Macedonia,7001,January,7271,Temperature change,2005,2005,°C,0.936000,E
154,'807,North Macedonia,7001,January,7271,Temperature change,2006,2006,°C,-1.282000,E
154,'807,North Macedonia,7001,January,7271,Temperature change,2007,2007,°C,3.964000,E
154,'807,North Macedonia,7001,January,7271,Temperature change,2008,2008,°C,0.970000,E
154,'807,North Macedonia,7001,January,7271,Temperature change,2009,2009,°C,1.146000,E
154,'807,North Macedonia,7001,January,7271,Temperature change,2010,2010,°C,1.338000,E
154,'807,North Macedonia,7001,January,7271,Temperature change,2011,2011,°C,1.021000,E
154,'807,North Macedonia,7001,January,7271,Temperature change,2012,2012,°C,-1.160000,E
154,'807,North Macedonia,7001,January,7271,Temperature change,2013,2013,°C,1.791000,E
154,'807,North Macedonia,7001,January,7271,Temperature change,2014,2014,°C,3.540000,E
154,'807,North Macedonia,7001,January,7271,Temperature change,2015,2015,°C,1.593000,E
154,'807,North Macedonia,7001,January,7271,Temperature change,2016,2016,°C,1.160000,E
154,'807,North Macedonia,7001,January,7271,Temperature change,2017,2017,°C,-3.380000,E
154,'807,North Macedonia,7001,January,7271,Temperature change,2018,2018,°C,2.584000,E
154,'807,North Macedonia,7001,January,7271,Temperature change,2019,2019,°C,-0.750000,E
154,'807,North Macedonia,7001,January,7271,Temperature change,2020,2020,°C,1.212000,E
154,'807,North Macedonia,7001,January,7271,Temperature change,2021,2021,°C,3.018000,E
154,'807,North Macedonia,7001,January,7271,Temperature change,2022,2022,°C,1.171000,E
154,'807,North Macedonia,7001,January,6078,Standard Deviation,1992,1992,°C,,M
154,'807,North Macedonia,7001,January,6078,Standard Deviation,1993,1993,°C,,M
154,'807,North Macedonia,7001,January,6078,Standard Deviation,1994,1994,°C,,M
154,'807,North Macedonia,7001,January,6078,Standard Deviation,1995,1995,°C,,M
154,'807,North Macedonia,7001,January,6078,Standard Deviation,1996,1996,°C,,M
154,'807,North Macedonia,7001,January,6078,Standard Deviation,1997,1997,°C,,M
154,'807,North Macedonia,7001,January,6078,Standard Deviation,1998,1998,°C,,M
154,'807,North Macedonia,7001,January,6078,Standard Deviation,1999,1999,°C,,M
154,'807,North Macedonia,7001,January,6078,Standard Deviation,2000,2000,°C,,M
154,'807,North Macedonia,7001,January,6078,Standard Deviation,2001,2001,°C,,M
154,'807,North Macedonia,7001,January,6078,Standard Deviation,2002,2002,°C,,M
154,'807,North Macedonia,7001,January,6078,Standard Deviation,2003,2003,°C,,M
154,'807,North Macedonia,7001,January,6078,Standard Deviation,2004,2004,°C,,M
154,'807,North Macedonia,7001,January,6078,Standard Deviation,2005,2005,°C,,M
154,'807,North Macedonia,7001,January,6078,Standard Deviation,2006,2006,°C,,M
154,'807,North Macedonia,7001,January,6078,Standard Deviation,2007,2007,°C,,M
154,'807,North Macedonia,7001,January,6078,Standard Deviation,2008,2008,°C,,M
154,'807,North Macedonia,7001,January,6078,Standard Deviation,2009,2009,°C,,M
154,'807,North Macedonia,7001,January,6078,Standard Deviation,2010,2010,°C,,M
154,'807,North Macedonia,7001,January,6078,Standard Deviation,2011,2011,°C,,M
154,'807,North Macedonia,7001,January,6078,Standard Deviation,2012,2012,°C,,M
154,'807,North Macedonia,7001,January,6078,Standard Deviation,2013,2013,°C,,M
154,'807,North Macedonia,7001,January,6078,Standard Deviation,2014,2014,°C,,M
154,'807,North Macedonia,7001,January,6078,Standard Deviation,2015,2015,°C,,M
154,'807,North Macedonia,7001,January,6078,Standard Deviation,2016,2016,°C,,M
154,'807,North Macedonia,7001,January,6078,Standard Deviation,2017,2017,°C,,M
154,'807,North Macedonia,7001,January,6078,Standard Deviation,2018,2018,°C,,M
154,'807,North Macedonia,7001,January,6078,Standard Deviation,2019,2019,°C,,M
154,'807,North Macedonia,7001,January,6078,Standard Deviation,2020,2020,°C,,M
154,'807,North Macedonia,7001,January,6078,Standard Deviation,2021,2021,°C,,M
154,'807,North Macedonia,7001,January,6078,Standard Deviation,2022,2022,°C,,M
154,'807,North Macedonia,7002,February,7271,Temperature change,1992,1992,°C,-0.851000,E
154,'807,North Macedonia,7002,February,7271,Temperature change,1993,1993,°C,-2.555000,E
154,'807,North Macedonia,7002,February,7271,Temperature change,1994,1994,°C,0.338000,E
154,'807,North Macedonia,7002,February,7271,Temperature change,1995,1995,°C,3.003000,E
154,'807,North Macedonia,7002,February,7271,Temperature change,1996,1996,°C,-1.389000,E
154,'807,North Macedonia,7002,February,7271,Temperature change,1997,1997,°C,0.917000,E
154,'807,North Macedonia,7002,February,7271,Temperature change,1998,1998,°C,2.136000,E
154,'807,North Macedonia,7002,February,7271,Temperature change,1999,1999,°C,-1.339000,E
154,'807,North Macedonia,7002,February,7271,Temperature change,2000,2000,°C,0.294000,E
154,'807,North Macedonia,7002,February,7271,Temperature change,2001,2001,°C,1.484000,E
154,'807,North Macedonia,7002,February,7271,Temperature change,2002,2002,°C,3.666000,E
154,'807,North Macedonia,7002,February,7271,Temperature change,2003,2003,°C,-4.087000,E
154,'807,North Macedonia,7002,February,7271,Temperature change,2004,2004,°C,0.483000,E
154,'807,North Macedonia,7002,February,7271,Temperature change,2005,2005,°C,-2.453000,E
154,'807,North Macedonia,7002,February,7271,Temperature change,2006,2006,°C,-1.049000,E
154,'807,North Macedonia,7002,February,7271,Temperature change,2007,2007,°C,2.525000,E
154,'807,North Macedonia,7002,February,7271,Temperature change,2008,2008,°C,1.550000,E
154,'807,North Macedonia,7002,February,7271,Temperature change,2009,2009,°C,-0.368000,E
154,'807,North Macedonia,7002,February,7271,Temperature change,2010,2010,°C,0.894000,E
154,'807,North Macedonia,7002,February,7271,Temperature change,2011,2011,°C,0.330000,E
154,'807,North Macedonia,7002,February,7271,Temperature change,2012,2012,°C,-3.468000,E
154,'807,North Macedonia,7002,February,7271,Temperature change,2013,2013,°C,1.854000,E
154,'807,North Macedonia,7002,February,7271,Temperature change,2014,2014,°C,3.531000,E
154,'807,North Macedonia,7002,February,7271,Temperature change,2015,2015,°C,0.503000,E
154,'807,North Macedonia,7002,February,7271,Temperature change,2016,2016,°C,5.487000,E
154,'807,North Macedonia,7002,February,7271,Temperature change,2017,2017,°C,2.414000,E
154,'807,North Macedonia,7002,February,7271,Temperature change,2018,2018,°C,1.216000,E
154,'807,North Macedonia,7002,February,7271,Temperature change,2019,2019,°C,1.653000,E
154,'807,North Macedonia,7002,February,7271,Temperature change,2020,2020,°C,2.636000,E
154,'807,North Macedonia,7002,February,7271,Temperature change,2021,2021,°C,2.405000,E
154,'807,North Macedonia,7002,February,7271,Temperature change,2022,2022,°C,1.916000,E
154,'807,North Macedonia,7002,February,6078,Standard Deviation,1992,1992,°C,,M
154,'807,North Macedonia,7002,February,6078,Standard Deviation,1993,1993,°C,,M
154,'807,North Macedonia,7002,February,6078,Standard Deviation,1994,1994,°C,,M
154,'807,North Macedonia,7002,February,6078,Standard Deviation,1995,1995,°C,,M
154,'807,North Macedonia,7002,February,6078,Standard Deviation,1996,1996,°C,,M
154,'807,North Macedonia,7002,February,6078,Standard Deviation,1997,1997,°C,,M
154,'807,North Macedonia,7002,February,6078,Standard Deviation,1998,1998,°C,,M
154,'807,North Macedonia,7002,February,6078,Standard Deviation,1999,1999,°C,,M
154,'807,North Macedonia,7002,February,6078,Standard Deviation,2000,2000,°C,,M
154,'807,North Macedonia,7002,February,6078,Standard Deviation,2001,2001,°C,,M
154,'807,North Macedonia,7002,February,6078,Standard Deviation,2002,2002,°C,,M
154,'807,North Macedonia,7002,February,6078,Standard Deviation,2003,2003,°C,,M
154,'807,North Macedonia,7002,February,6078,Standard Deviation,2004,2004,°C,,M
154,'807,North Macedonia,7002,February,6078,Standard Deviation,2005,2005,°C,,M
154,'807,North Macedonia,7002,February,6078,Standard Deviation,2006,2006,°C,,M
154,'807,North Macedonia,7002,February,6078,Standard Deviation,2007,2007,°C,,M
154,'807,North Macedonia,7002,February,6078,Standard Deviation,2008,2008,°C,,M
154,'807,North Macedonia,7002,February,6078,Standard Deviation,2009,2009,°C,,M
154,'807,North Macedonia,7002,February,6078,Standard Deviation,2010,2010,°C,,M
154,'807,North Macedonia,7002,February,6078,Standard Deviation,2011,2011,°C,,M
154,'807,North Macedonia,7002,February,6078,Standard Deviation,2012,2012,°C,,M
154,'807,North Macedonia,7002,February,6078,Standard Deviation,2013,2013,°C,,M
154,'807,North Macedonia,7002,February,6078,Standard Deviation,2014,2014,°C,,M
154,'807,North Macedonia,7002,February,6078,Standard Deviation,2015,2015,°C,,M
154,'807,North Macedonia,7002,February,6078,Standard Deviation,2016,2016,°C,,M
154,'807,North Macedonia,7002,February,6078,Standard Deviation,2017,2017,°C,,M
154,'807,North Macedonia,7002,February,6078,Standard Deviation,2018,2018,°C,,M
154,'807,North Macedonia,7002,February,6078,Standard Deviation,2019,2019,°C,,M
154,'807,North Macedonia,7002,February,6078,Standard Deviation,2020,2020,°C,,M
154,'807,North Macedonia,7002,February,6078,Standard Deviation,2021,2021,°C,,M
154,'807,North Macedonia,7002,February,6078,Standard Deviation,2022,2022,°C,,M
154,'807,North Macedonia,7003,March,7271,Temperature change,1992,1992,°C,0.272000,E
154,'807,North Macedonia,7003,March,7271,Temperature change,1993,1993,°C,-0.794000,E
154,'807,North Macedonia,7003,March,7271,Temperature change,1994,1994,°C,2.532000,E
154,'807,North Macedonia,7003,March,7271,Temperature change,1995,1995,°C,0.154000,E
154,'807,North Macedonia,7003,March,7271,Temperature change,1996,1996,°C,-3.088000,E
154,'807,North Macedonia,7003,March,7271,Temperature change,1997,1997,°C,-0.361000,E
154,'807,North Macedonia,7003,March,7271,Temperature change,1998,1998,°C,-1.687000,E
154,'807,North Macedonia,7003,March,7271,Temperature change,1999,1999,°C,1.110000,E
154,'807,North Macedonia,7003,March,7271,Temperature change,2000,2000,°C,0.075000,E
154,'807,North Macedonia,7003,March,7271,Temperature change,2001,2001,°C,4.838000,E
154,'807,North Macedonia,7003,March,7271,Temperature change,2002,2002,°C,2.850000,E
154,'807,North Macedonia,7003,March,7271,Temperature change,2003,2003,°C,-0.844000,E
154,'807,North Macedonia,7003,March,7271,Temperature change,2004,2004,°C,0.882000,E
154,'807,North Macedonia,7003,March,7271,Temperature change,2005,2005,°C,-0.119000,E
154,'807,North Macedonia,7003,March,7271,Temperature change,2006,2006,°C,0.503000,E
154,'807,North Macedonia,7003,March,7271,Temperature change,2007,2007,°C,2.315000,E
154,'807,North Macedonia,7003,March,7271,Temperature change,2008,2008,°C,2.503000,E
154,'807,North Macedonia,7003,March,7271,Temperature change,2009,2009,°C,0.197000,E
154,'807,North Macedonia,7003,March,7271,Temperature change,2010,2010,°C,1.138000,E
154,'807,North Macedonia,7003,March,7271,Temperature change,2011,2011,°C,1.024000,E
154,'807,North Macedonia,7003,March,7271,Temperature change,2012,2012,°C,1.707000,E
154,'807,North Macedonia,7003,March,7271,Temperature change,2013,2013,°C,1.274000,E
154,'807,North Macedonia,7003,March,7271,Temperature change,2014,2014,°C,2.875000,E
154,'807,North Macedonia,7003,March,7271,Temperature change,2015,2015,°C,0.261000,E
154,'807,North Macedonia,7003,March,7271,Temperature change,2016,2016,°C,2.078000,E
154,'807,North Macedonia,7003,March,7271,Temperature change,2017,2017,°C,3.791000,E
154,'807,North Macedonia,7003,March,7271,Temperature change,2018,2018,°C,1.959000,E
154,'807,North Macedonia,7003,March,7271,Temperature change,2019,2019,°C,3.643000,E
154,'807,North Macedonia,7003,March,7271,Temperature change,2020,2020,°C,1.756000,E
154,'807,North Macedonia,7003,March,7271,Temperature change,2021,2021,°C,-0.003000,E
154,'807,North Macedonia,7003,March,7271,Temperature change,2022,2022,°C,-1.381000,E
154,'807,North Macedonia,7003,March,6078,Standard Deviation,1992,1992,°C,,M
154,'807,North Macedonia,7003,March,6078,Standard Deviation,1993,1993,°C,,M
154,'807,North Macedonia,7003,March,6078,Standard Deviation,1994,1994,°C,,M
154,'807,North Macedonia,7003,March,6078,Standard Deviation,1995,1995,°C,,M
154,'807,North Macedonia,7003,March,6078,Standard Deviation,1996,1996,°C,,M
154,'807,North Macedonia,7003,March,6078,Standard Deviation,1997,1997,°C,,M
154,'807,North Macedonia,7003,March,6078,Standard Deviation,1998,1998,°C,,M
154,'807,North Macedonia,7003,March,6078,Standard Deviation,1999,1999,°C,,M
154,'807,North Macedonia,7003,March,6078,Standard Deviation,2000,2000,°C,,M
154,'807,North Macedonia,7003,March,6078,Standard Deviation,2001,2001,°C,,M
154,'807,North Macedonia,7003,March,6078,Standard Deviation,2002,2002,°C,,M
154,'807,North Macedonia,7003,March,6078,Standard Deviation,2003,2003,°C,,M
154,'807,North Macedonia,7003,March,6078,Standard Deviation,2004,2004,°C,,M
154,'807,North Macedonia,7003,March,6078,Standard Deviation,2005,2005,°C,,M
154,'807,North Macedonia,7003,March,6078,Standard Deviation,2006,2006,°C,,M
154,'807,North Macedonia,7003,March,6078,Standard Deviation,2007,2007,°C,,M
154,'807,North Macedonia,7003,March,6078,Standard Deviation,2008,2008,°C,,M
154,'807,North Macedonia,7003,March,6078,Standard Deviation,2009,2009,°C,,M
154,'807,North Macedonia,7003,March,6078,Standard Deviation,2010,2010,°C,,M
154,'807,North Macedonia,7003,March,6078,Standard Deviation,2011,2011,°C,,M
154,'807,North Macedonia,7003,March,6078,Standard Deviation,2012,2012,°C,,M
154,'807,North Macedonia,7003,March,6078,Standard Deviation,2013,2013,°C,,M
154,'807,North Macedonia,7003,March,6078,Standard Deviation,2014,2014,°C,,M
154,'807,North Macedonia,7003,March,6078,Standard Deviation,2015,2015,°C,,M
154,'807,North Macedonia,7003,March,6078,Standard Deviation,2016,2016,°C,,M
154,'807,North Macedonia,7003,March,6078,Standard Deviation,2017,2017,°C,,M
154,'807,North Macedonia,7003,March,6078,Standard Deviation,2018,2018,°C,,M
154,'807,North Macedonia,7003,March,6078,Standard Deviation,2019,2019,°C,,M
154,'807,North Macedonia,7003,March,6078,Standard Deviation,2020,2020,°C,,M
154,'807,North Macedonia,7003,March,6078,Standard Deviation,2021,2021,°C,,M
154,'807,North Macedonia,7003,March,6078,Standard Deviation,2022,2022,°C,,M
154,'807,North Macedonia,7004,April,7271,Temperature change,1992,1992,°C,0.364000,E
154,'807,North Macedonia,7004,April,7271,Temperature change,1993,1993,°C,0.243000,E
154,'807,North Macedonia,7004,April,7271,Temperature change,1994,1994,°C,1.100000,E
154,'807,North Macedonia,7004,April,7271,Temperature change,1995,1995,°C,-0.418000,E
154,'807,North Macedonia,7004,April,7271,Temperature change,1996,1996,°C,-0.871000,E
154,'807,North Macedonia,7004,April,7271,Temperature change,1997,1997,°C,-3.972000,E
154,'807,North Macedonia,7004,April,7271,Temperature change,1998,1998,°C,1.756000,E
154,'807,North Macedonia,7004,April,7271,Temperature change,1999,1999,°C,1.255000,E
154,'807,North Macedonia,7004,April,7271,Temperature change,2000,2000,°C,2.618000,E
154,'807,North Macedonia,7004,April,7271,Temperature change,2001,2001,°C,-0.115000,E
154,'807,North Macedonia,7004,April,7271,Temperature change,2002,2002,°C,-0.058000,E
154,'807,North Macedonia,7004,April,7271,Temperature change,2003,2003,°C,-1.254000,E
154,'807,North Macedonia,7004,April,7271,Temperature change,2004,2004,°C,1.172000,E
154,'807,North Macedonia,7004,April,7271,Temperature change,2005,2005,°C,0.366000,E
154,'807,North Macedonia,7004,April,7271,Temperature change,2006,2006,°C,1.466000,E
154,'807,North Macedonia,7004,April,7271,Temperature change,2007,2007,°C,1.360000,E
154,'807,North Macedonia,7004,April,7271,Temperature change,2008,2008,°C,1.261000,E
154,'807,North Macedonia,7004,April,7271,Temperature change,2009,2009,°C,1.479000,E
154,'807,North Macedonia,7004,April,7271,Temperature change,2010,2010,°C,1.432000,E
154,'807,North Macedonia,7004,April,7271,Temperature change,2011,2011,°C,0.499000,E
154,'807,North Macedonia,7004,April,7271,Temperature change,2012,2012,°C,1.431000,E
154,'807,North Macedonia,7004,April,7271,Temperature change,2013,2013,°C,2.252000,E
154,'807,North Macedonia,7004,April,7271,Temperature change,2014,2014,°C,0.897000,E
154,'807,North Macedonia,7004,April,7271,Temperature change,2015,2015,°C,0.254000,E
154,'807,North Macedonia,7004,April,7271,Temperature change,2016,2016,°C,3.629000,E
154,'807,North Macedonia,7004,April,7271,Temperature change,2017,2017,°C,0.770000,E
154,'807,North Macedonia,7004,April,7271,Temperature change,2018,2018,°C,4.828000,E
154,'807,North Macedonia,7004,April,7271,Temperature change,2019,2019,°C,1.382000,E
154,'807,North Macedonia,7004,April,7271,Temperature change,2020,2020,°C,0.287000,E
154,'807,North Macedonia,7004,April,7271,Temperature change,2021,2021,°C,-0.636000,E
154,'807,North Macedonia,7004,April,7271,Temperature change,2022,2022,°C,0.747000,E
154,'807,North Macedonia,7004,April,6078,Standard Deviation,1992,1992,°C,,M
154,'807,North Macedonia,7004,April,6078,Standard Deviation,1993,1993,°C,,M
154,'807,North Macedonia,7004,April,6078,Standard Deviation,1994,1994,°C,,M
154,'807,North Macedonia,7004,April,6078,Standard Deviation,1995,1995,°C,,M
154,'807,North Macedonia,7004,April,6078,Standard Deviation,1996,1996,°C,,M
154,'807,North Macedonia,7004,April,6078,Standard Deviation,1997,1997,°C,,M
154,'807,North Macedonia,7004,April,6078,Standard Deviation,1998,1998,°C,,M
154,'807,North Macedonia,7004,April,6078,Standard Deviation,1999,1999,°C,,M
154,'807,North Macedonia,7004,April,6078,Standard Deviation,2000,2000,°C,,M
154,'807,North Macedonia,7004,April,6078,Standard Deviation,2001,2001,°C,,M
154,'807,North Macedonia,7004,April,6078,Standard Deviation,2002,2002,°C,,M
154,'807,North Macedonia,7004,April,6078,Standard Deviation,2003,2003,°C,,M
154,'807,North Macedonia,7004,April,6078,Standard Deviation,2004,2004,°C,,M
154,'807,North Macedonia,7004,April,6078,Standard Deviation,2005,2005,°C,,M
154,'807,North Macedonia,7004,April,6078,Standard Deviation,2006,2006,°C,,M
154,'807,North Macedonia,7004,April,6078,Standard Deviation,2007,2007,°C,,M
154,'807,North Macedonia,7004,April,6078,Standard Deviation,2008,2008,°C,,M
154,'807,North Macedonia,7004,April,6078,Standard Deviation,2009,2009,°C,,M
154,'807,North Macedonia,7004,April,6078,Standard Deviation,2010,2010,°C,,M
154,'807,North Macedonia,7004,April,6078,Standard Deviation,2011,2011,°C,,M
154,'807,North Macedonia,7004,April,6078,Standard Deviation,2012,2012,°C,,M
154,'807,North Macedonia,7004,April,6078,Standard Deviation,2013,2013,°C,,M
154,'807,North Macedonia,7004,April,6078,Standard Deviation,2014,2014,°C,,M
154,'807,North Macedonia,7004,April,6078,Standard Deviation,2015,2015,°C,,M
154,'807,North Macedonia,7004,April,6078,Standard Deviation,2016,2016,°C,,M
154,'807,North Macedonia,7004,April,6078,Standard Deviation,2017,2017,°C,,M
154,'807,North Macedonia,7004,April,6078,Standard Deviation,2018,2018,°C,,M
154,'807,North Macedonia,7004,April,6078,Standard Deviation,2019,2019,°C,,M
154,'807,North Macedonia,7004,April,6078,Standard Deviation,2020,2020,°C,,M
154,'807,North Macedonia,7004,April,6078,Standard Deviation,2021,2021,°C,,M
154,'807,North Macedonia,7004,April,6078,Standard Deviation,2022,2022,°C,,M
154,'807,North Macedonia,7005,May,7271,Temperature change,1992,1992,°C,-0.501000,E
154,'807,North Macedonia,7005,May,7271,Temperature change,1993,1993,°C,0.955000,E
154,'807,North Macedonia,7005,May,7271,Temperature change,1994,1994,°C,1.092000,E
154,'807,North Macedonia,7005,May,7271,Temperature change,1995,1995,°C,-0.265000,E
154,'807,North Macedonia,7005,May,7271,Temperature change,1996,1996,°C,1.709000,E
154,'807,North Macedonia,7005,May,7271,Temperature change,1997,1997,°C,1.243000,E
154,'807,North Macedonia,7005,May,7271,Temperature change,1998,1998,°C,-0.084000,E
154,'807,North Macedonia,7005,May,7271,Temperature change,1999,1999,°C,1.155000,E
154,'807,North Macedonia,7005,May,7271,Temperature change,2000,2000,°C,1.910000,E
154,'807,North Macedonia,7005,May,7271,Temperature change,2001,2001,°C,1.197000,E
154,'807,North Macedonia,7005,May,7271,Temperature change,2002,2002,°C,0.863000,E
154,'807,North Macedonia,7005,May,7271,Temperature change,2003,2003,°C,3.293000,E
154,'807,North Macedonia,7005,May,7271,Temperature change,2004,2004,°C,-1.387000,E
154,'807,North Macedonia,7005,May,7271,Temperature change,2005,2005,°C,1.178000,E
154,'807,North Macedonia,7005,May,7271,Temperature change,2006,2006,°C,0.732000,E
154,'807,North Macedonia,7005,May,7271,Temperature change,2007,2007,°C,1.959000,E
154,'807,North Macedonia,7005,May,7271,Temperature change,2008,2008,°C,1.033000,E
154,'807,North Macedonia,7005,May,7271,Temperature change,2009,2009,°C,1.823000,E
154,'807,North Macedonia,7005,May,7271,Temperature change,2010,2010,°C,1.037000,E
154,'807,North Macedonia,7005,May,7271,Temperature change,2011,2011,°C,0.179000,E
154,'807,North Macedonia,7005,May,7271,Temperature change,2012,2012,°C,0.557000,E
154,'807,North Macedonia,7005,May,7271,Temperature change,2013,2013,°C,2.431000,E
154,'807,North Macedonia,7005,May,7271,Temperature change,2014,2014,°C,0.076000,E
154,'807,North Macedonia,7005,May,7271,Temperature change,2015,2015,°C,2.180000,E
154,'807,North Macedonia,7005,May,7271,Temperature change,2016,2016,°C,-0.102000,E
154,'807,North Macedonia,7005,May,7271,Temperature change,2017,2017,°C,1.017000,E
154,'807,North Macedonia,7005,May,7271,Temperature change,2018,2018,°C,3.055000,E
154,'807,North Macedonia,7005,May,7271,Temperature change,2019,2019,°C,-0.435000,E
154,'807,North Macedonia,7005,May,7271,Temperature change,2020,2020,°C,0.836000,E
154,'807,North Macedonia,7005,May,7271,Temperature change,2021,2021,°C,1.149000,E
154,'807,North Macedonia,7005,May,7271,Temperature change,2022,2022,°C,1.867000,E
154,'807,North Macedonia,7005,May,6078,Standard Deviation,1992,1992,°C,,M
154,'807,North Macedonia,7005,May,6078,Standard Deviation,1993,1993,°C,,M
154,'807,North Macedonia,7005,May,6078,Standard Deviation,1994,1994,°C,,M
154,'807,North Macedonia,7005,May,6078,Standard Deviation,1995,1995,°C,,M
154,'807,North Macedonia,7005,May,6078,Standard Deviation,1996,1996,°C,,M
154,'807,North Macedonia,7005,May,6078,Standard Deviation,1997,1997,°C,,M
154,'807,North Macedonia,7005,May,6078,Standard Deviation,1998,1998,°C,,M
154,'807,North Macedonia,7005,May,6078,Standard Deviation,1999,1999,°C,,M
154,'807,North Macedonia,7005,May,6078,Standard Deviation,2000,2000,°C,,M
154,'807,North Macedonia,7005,May,6078,Standard Deviation,2001,2001,°C,,M
154,'807,North Macedonia,7005,May,6078,Standard Deviation,2002,2002,°C,,M
154,'807,North Macedonia,7005,May,6078,Standard Deviation,2003,2003,°C,,M
154,'807,North Macedonia,7005,May,6078,Standard Deviation,2004,2004,°C,,M
154,'807,North Macedonia,7005,May,6078,Standard Deviation,2005,2005,°C,,M
154,'807,North Macedonia,7005,May,6078,Standard Deviation,2006,2006,°C,,M
154,'807,North Macedonia,7005,May,6078,Standard Deviation,2007,2007,°C,,M
154,'807,North Macedonia,7005,May,6078,Standard Deviation,2008,2008,°C,,M
154,'807,North Macedonia,7005,May,6078,Standard Deviation,2009,2009,°C,,M
154,'807,North Macedonia,7005,May,6078,Standard Deviation,2010,2010,°C,,M
154,'807,North Macedonia,7005,May,6078,Standard Deviation,2011,2011,°C,,M
154,'807,North Macedonia,7005,May,6078,Standard Deviation,2012,2012,°C,,M
154,'807,North Macedonia,7005,May,6078,Standard Deviation,2013,2013,°C,,M
154,'807,North Macedonia,7005,May,6078,Standard Deviation,2014,2014,°C,,M
154,'807,North Macedonia,7005,May,6078,Standard Deviation,2015,2015,°C,,M
154,'807,North Macedonia,7005,May,6078,Standard Deviation,2016,2016,°C,,M
154,'807,North Macedonia,7005,May,6078,Standard Deviation,2017,2017,°C,,M
154,'807,North Macedonia,7005,May,6078,Standard Deviation,2018,2018,°C,,M
154,'807,North Macedonia,7005,May,6078,Standard Deviation,2019,2019,°C,,M
154,'807,North Macedonia,7005,May,6078,Standard Deviation,2020,2020,°C,,M
154,'807,North Macedonia,7005,May,6078,Standard Deviation,2021,2021,°C,,M
154,'807,North Macedonia,7005,May,6078,Standard Deviation,2022,2022,°C,,M
154,'807,North Macedonia,7006,June,7271,Temperature change,1992,1992,°C,-0.156000,E
154,'807,North Macedonia,7006,June,7271,Temperature change,1993,1993,°C,0.937000,E
154,'807,North Macedonia,7006,June,7271,Temperature change,1994,1994,°C,0.338000,E
154,'807,North Macedonia,7006,June,7271,Temperature change,1995,1995,°C,1.044000,E
154,'807,North Macedonia,7006,June,7271,Temperature change,1996,1996,°C,1.218000,E
154,'807,North Macedonia,7006,June,7271,Temperature change,1997,1997,°C,1.369000,E
154,'807,North Macedonia,7006,June,7271,Temperature change,1998,1998,°C,1.517000,E
154,'807,North Macedonia,7006,June,7271,Temperature change,1999,1999,°C,1.273000,E
154,'807,North Macedonia,7006,June,7271,Temperature change,2000,2000,°C,1.432000,E
154,'807,North Macedonia,7006,June,7271,Temperature change,2001,2001,°C,0.265000,E
154,'807,North Macedonia,7006,June,7271,Temperature change,2002,2002,°C,1.813000,E
154,'807,North Macedonia,7006,June,7271,Temperature change,2003,2003,°C,3.067000,E
154,'807,North Macedonia,7006,June,7271,Temperature change,2004,2004,°C,0.294000,E
154,'807,North Macedonia,7006,June,7271,Temperature change,2005,2005,°C,-0.095000,E
154,'807,North Macedonia,7006,June,7271,Temperature change,2006,2006,°C,0.402000,E
154,'807,North Macedonia,7006,June,7271,Temperature change,2007,2007,°C,2.713000,E
154,'807,North Macedonia,7006,June,7271,Temperature change,2008,2008,°C,1.848000,E
154,'807,North Macedonia,7006,June,7271,Temperature change,2009,2009,°C,0.795000,E
154,'807,North Macedonia,7006,June,7271,Temperature change,2010,2010,°C,0.783000,E
154,'807,North Macedonia,7006,June,7271,Temperature change,2011,2011,°C,0.871000,E
154,'807,North Macedonia,7006,June,7271,Temperature change,2012,2012,°C,2.859000,E
154,'807,North Macedonia,7006,June,7271,Temperature change,2013,2013,°C,0.914000,E
154,'807,North Macedonia,7006,June,7271,Temperature change,2014,2014,°C,0.687000,E
154,'807,North Macedonia,7006,June,7271,Temperature change,2015,2015,°C,0.505000,E
154,'807,North Macedonia,7006,June,7271,Temperature change,2016,2016,°C,2.131000,E
154,'807,North Macedonia,7006,June,7271,Temperature change,2017,2017,°C,2.407000,E
154,'807,North Macedonia,7006,June,7271,Temperature change,2018,2018,°C,1.241000,E
154,'807,North Macedonia,7006,June,7271,Temperature change,2019,2019,°C,2.930000,E
154,'807,North Macedonia,7006,June,7271,Temperature change,2020,2020,°C,0.512000,E
154,'807,North Macedonia,7006,June,7271,Temperature change,2021,2021,°C,1.567000,E
154,'807,North Macedonia,7006,June,7271,Temperature change,2022,2022,°C,2.939000,E
154,'807,North Macedonia,7006,June,6078,Standard Deviation,1992,1992,°C,,M
154,'807,North Macedonia,7006,June,6078,Standard Deviation,1993,1993,°C,,M
154,'807,North Macedonia,7006,June,6078,Standard Deviation,1994,1994,°C,,M
154,'807,North Macedonia,7006,June,6078,Standard Deviation,1995,1995,°C,,M
154,'807,North Macedonia,7006,June,6078,Standard Deviation,1996,1996,°C,,M
154,'807,North Macedonia,7006,June,6078,Standard Deviation,1997,1997,°C,,M
154,'807,North Macedonia,7006,June,6078,Standard Deviation,1998,1998,°C,,M
154,'807,North Macedonia,7006,June,6078,Standard Deviation,1999,1999,°C,,M
154,'807,North Macedonia,7006,June,6078,Standard Deviation,2000,2000,°C,,M
154,'807,North Macedonia,7006,June,6078,Standard Deviation,2001,2001,°C,,M
154,'807,North Macedonia,7006,June,6078,Standard Deviation,2002,2002,°C,,M
154,'807,North Macedonia,7006,June,6078,Standard Deviation,2003,2003,°C,,M
154,'807,North Macedonia,7006,June,6078,Standard Deviation,2004,2004,°C,,M
154,'807,North Macedonia,7006,June,6078,Standard Deviation,2005,2005,°C,,M
154,'807,North Macedonia,7006,June,6078,Standard Deviation,2006,2006,°C,,M
154,'807,North Macedonia,7006,June,6078,Standard Deviation,2007,2007,°C,,M
154,'807,North Macedonia,7006,June,6078,Standard Deviation,2008,2008,°C,,M
154,'807,North Macedonia,7006,June,6078,Standard Deviation,2009,2009,°C,,M
154,'807,North Macedonia,7006,June,6078,Standard Deviation,2010,2010,°C,,M
154,'807,North Macedonia,7006,June,6078,Standard Deviation,2011,2011,°C,,M
154,'807,North Macedonia,7006,June,6078,Standard Deviation,2012,2012,°C,,M
154,'807,North Macedonia,7006,June,6078,Standard Deviation,2013,2013,°C,,M
154,'807,North Macedonia,7006,June,6078,Standard Deviation,2014,2014,°C,,M
154,'807,North Macedonia,7006,June,6078,Standard Deviation,2015,2015,°C,,M
154,'807,North Macedonia,7006,June,6078,Standard Deviation,2016,2016,°C,,M
154,'807,North Macedonia,7006,June,6078,Standard Deviation,2017,2017,°C,,M
154,'807,North Macedonia,7006,June,6078,Standard Deviation,2018,2018,°C,,M
154,'807,North Macedonia,7006,June,6078,Standard Deviation,2019,2019,°C,,M
154,'807,North Macedonia,7006,June,6078,Standard Deviation,2020,2020,°C,,M
154,'807,North Macedonia,7006,June,6078,Standard Deviation,2021,2021,°C,,M
154,'807,North Macedonia,7006,June,6078,Standard Deviation,2022,2022,°C,,M
154,'807,North Macedonia,7007,July,7271,Temperature change,1992,1992,°C,-0.642000,E
154,'807,North Macedonia,7007,July,7271,Temperature change,1993,1993,°C,0.367000,E
154,'807,North Macedonia,7007,July,7271,Temperature change,1994,1994,°C,1.153000,E
154,'807,North Macedonia,7007,July,7271,Temperature change,1995,1995,°C,0.947000,E
154,'807,North Macedonia,7007,July,7271,Temperature change,1996,1996,°C,0.290000,E
154,'807,North Macedonia,7007,July,7271,Temperature change,1997,1997,°C,0.363000,E
154,'807,North Macedonia,7007,July,7271,Temperature change,1998,1998,°C,1.553000,E
154,'807,North Macedonia,7007,July,7271,Temperature change,1999,1999,°C,0.941000,E
154,'807,North Macedonia,7007,July,7271,Temperature change,2000,2000,°C,1.623000,E
154,'807,North Macedonia,7007,July,7271,Temperature change,2001,2001,°C,1.881000,E
154,'807,North Macedonia,7007,July,7271,Temperature change,2002,2002,°C,1.697000,E
154,'807,North Macedonia,7007,July,7271,Temperature change,2003,2003,°C,1.577000,E
154,'807,North Macedonia,7007,July,7271,Temperature change,2004,2004,°C,0.714000,E
154,'807,North Macedonia,7007,July,7271,Temperature change,2005,2005,°C,1.046000,E
154,'807,North Macedonia,7007,July,7271,Temperature change,2006,2006,°C,0.617000,E
154,'807,North Macedonia,7007,July,7271,Temperature change,2007,2007,°C,3.197000,E
154,'807,North Macedonia,7007,July,7271,Temperature change,2008,2008,°C,1.180000,E
154,'807,North Macedonia,7007,July,7271,Temperature change,2009,2009,°C,1.350000,E
154,'807,North Macedonia,7007,July,7271,Temperature change,2010,2010,°C,1.177000,E
154,'807,North Macedonia,7007,July,7271,Temperature change,2011,2011,°C,1.507000,E
154,'807,North Macedonia,7007,July,7271,Temperature change,2012,2012,°C,4.021000,E
154,'807,North Macedonia,7007,July,7271,Temperature change,2013,2013,°C,0.890000,E
154,'807,North Macedonia,7007,July,7271,Temperature change,2014,2014,°C,0.439000,E
154,'807,North Macedonia,7007,July,7271,Temperature change,2015,2015,°C,2.939000,E
154,'807,North Macedonia,7007,July,7271,Temperature change,2016,2016,°C,1.925000,E
154,'807,North Macedonia,7007,July,7271,Temperature change,2017,2017,°C,2.316000,E
154,'807,North Macedonia,7007,July,7271,Temperature change,2018,2018,°C,1.247000,E
154,'807,North Macedonia,7007,July,7271,Temperature change,2019,2019,°C,1.357000,E
154,'807,North Macedonia,7007,July,7271,Temperature change,2020,2020,°C,1.448000,E
154,'807,North Macedonia,7007,July,7271,Temperature change,2021,2021,°C,3.178000,E
154,'807,North Macedonia,7007,July,7271,Temperature change,2022,2022,°C,2.262000,E
154,'807,North Macedonia,7007,July,6078,Standard Deviation,1992,1992,°C,,M
154,'807,North Macedonia,7007,July,6078,Standard Deviation,1993,1993,°C,,M
154,'807,North Macedonia,7007,July,6078,Standard Deviation,1994,1994,°C,,M
154,'807,North Macedonia,7007,July,6078,Standard Deviation,1995,1995,°C,,M
154,'807,North Macedonia,7007,July,6078,Standard Deviation,1996,1996,°C,,M
154,'807,North Macedonia,7007,July,6078,Standard Deviation,1997,1997,°C,,M
154,'807,North Macedonia,7007,July,6078,Standard Deviation,1998,1998,°C,,M
154,'807,North Macedonia,7007,July,6078,Standard Deviation,1999,1999,°C,,M
154,'807,North Macedonia,7007,July,6078,Standard Deviation,2000,2000,°C,,M
154,'807,North Macedonia,7007,July,6078,Standard Deviation,2001,2001,°C,,M
154,'807,North Macedonia,7007,July,6078,Standard Deviation,2002,2002,°C,,M
154,'807,North Macedonia,7007,July,6078,Standard Deviation,2003,2003,°C,,M
154,'807,North Macedonia,7007,July,6078,Standard Deviation,2004,2004,°C,,M
154,'807,North Macedonia,7007,July,6078,Standard Deviation,2005,2005,°C,,M
154,'807,North Macedonia,7007,July,6078,Standard Deviation,2006,2006,°C,,M
154,'807,North Macedonia,7007,July,6078,Standard Deviation,2007,2007,°C,,M
154,'807,North Macedonia,7007,July,6078,Standard Deviation,2008,2008,°C,,M
154,'807,North Macedonia,7007,July,6078,Standard Deviation,2009,2009,°C,,M
154,'807,North Macedonia,7007,July,6078,Standard Deviation,2010,2010,°C,,M
154,'807,North Macedonia,7007,July,6078,Standard Deviation,2011,2011,°C,,M
154,'807,North Macedonia,7007,July,6078,Standard Deviation,2012,2012,°C,,M
154,'807,North Macedonia,7007,July,6078,Standard Deviation,2013,2013,°C,,M
154,'807,North Macedonia,7007,July,6078,Standard Deviation,2014,2014,°C,,M
154,'807,North Macedonia,7007,July,6078,Standard Deviation,2015,2015,°C,,M
154,'807,North Macedonia,7007,July,6078,Standard Deviation,2016,2016,°C,,M
154,'807,North Macedonia,7007,July,6078,Standard Deviation,2017,2017,°C,,M
154,'807,North Macedonia,7007,July,6078,Standard Deviation,2018,2018,°C,,M
154,'807,North Macedonia,7007,July,6078,Standard Deviation,2019,2019,°C,,M
154,'807,North Macedonia,7007,July,6078,Standard Deviation,2020,2020,°C,,M
154,'807,North Macedonia,7007,July,6078,Standard Deviation,2021,2021,°C,,M
154,'807,North Macedonia,7007,July,6078,Standard Deviation,2022,2022,°C,,M
154,'807,North Macedonia,7008,August,7271,Temperature change,1992,1992,°C,2.708000,E
154,'807,North Macedonia,7008,August,7271,Temperature change,1993,1993,°C,1.693000,E
154,'807,North Macedonia,7008,August,7271,Temperature change,1994,1994,°C,1.914000,E
154,'807,North Macedonia,7008,August,7271,Temperature change,1995,1995,°C,-0.780000,E
154,'807,North Macedonia,7008,August,7271,Temperature change,1996,1996,°C,0.590000,E
154,'807,North Macedonia,7008,August,7271,Temperature change,1997,1997,°C,-1.062000,E
154,'807,North Macedonia,7008,August,7271,Temperature change,1998,1998,°C,2.198000,E
154,'807,North Macedonia,7008,August,7271,Temperature change,1999,1999,°C,1.859000,E
154,'807,North Macedonia,7008,August,7271,Temperature change,2000,2000,°C,1.869000,E
154,'807,North Macedonia,7008,August,7271,Temperature change,2001,2001,°C,2.425000,E
154,'807,North Macedonia,7008,August,7271,Temperature change,2002,2002,°C,-0.136000,E
154,'807,North Macedonia,7008,August,7271,Temperature change,2003,2003,°C,2.683000,E
154,'807,North Macedonia,7008,August,7271,Temperature change,2004,2004,°C,0.267000,E
154,'807,North Macedonia,7008,August,7271,Temperature change,2005,2005,°C,0.068000,E
154,'807,North Macedonia,7008,August,7271,Temperature change,2006,2006,°C,0.893000,E
154,'807,North Macedonia,7008,August,7271,Temperature change,2007,2007,°C,2.079000,E
154,'807,North Macedonia,7008,August,7271,Temperature change,2008,2008,°C,2.530000,E
154,'807,North Macedonia,7008,August,7271,Temperature change,2009,2009,°C,1.306000,E
154,'807,North Macedonia,7008,August,7271,Temperature change,2010,2010,°C,2.851000,E
154,'807,North Macedonia,7008,August,7271,Temperature change,2011,2011,°C,1.931000,E
154,'807,North Macedonia,7008,August,7271,Temperature change,2012,2012,°C,2.823000,E
154,'807,North Macedonia,7008,August,7271,Temperature change,2013,2013,°C,2.445000,E
154,'807,North Macedonia,7008,August,7271,Temperature change,2014,2014,°C,1.442000,E
154,'807,North Macedonia,7008,August,7271,Temperature change,2015,2015,°C,2.195000,E
154,'807,North Macedonia,7008,August,7271,Temperature change,2016,2016,°C,1.099000,E
154,'807,North Macedonia,7008,August,7271,Temperature change,2017,2017,°C,2.526000,E
154,'807,North Macedonia,7008,August,7271,Temperature change,2018,2018,°C,1.843000,E
154,'807,North Macedonia,7008,August,7271,Temperature change,2019,2019,°C,2.855000,E
154,'807,North Macedonia,7008,August,7271,Temperature change,2020,2020,°C,1.554000,E
154,'807,North Macedonia,7008,August,7271,Temperature change,2021,2021,°C,2.881000,E
154,'807,North Macedonia,7008,August,7271,Temperature change,2022,2022,°C,1.574000,E
154,'807,North Macedonia,7008,August,6078,Standard Deviation,1992,1992,°C,,M
154,'807,North Macedonia,7008,August,6078,Standard Deviation,1993,1993,°C,,M
154,'807,North Macedonia,7008,August,6078,Standard Deviation,1994,1994,°C,,M
154,'807,North Macedonia,7008,August,6078,Standard Deviation,1995,1995,°C,,M
154,'807,North Macedonia,7008,August,6078,Standard Deviation,1996,1996,°C,,M
154,'807,North Macedonia,7008,August,6078,Standard Deviation,1997,1997,°C,,M
154,'807,North Macedonia,7008,August,6078,Standard Deviation,1998,1998,°C,,M
154,'807,North Macedonia,7008,August,6078,Standard Deviation,1999,1999,°C,,M
154,'807,North Macedonia,7008,August,6078,Standard Deviation,2000,2000,°C,,M
154,'807,North Macedonia,7008,August,6078,Standard Deviation,2001,2001,°C,,M
154,'807,North Macedonia,7008,August,6078,Standard Deviation,2002,2002,°C,,M
154,'807,North Macedonia,7008,August,6078,Standard Deviation,2003,2003,°C,,M
154,'807,North Macedonia,7008,August,6078,Standard Deviation,2004,2004,°C,,M
154,'807,North Macedonia,7008,August,6078,Standard Deviation,2005,2005,°C,,M
154,'807,North Macedonia,7008,August,6078,Standard Deviation,2006,2006,°C,,M
154,'807,North Macedonia,7008,August,6078,Standard Deviation,2007,2007,°C,,M
154,'807,North Macedonia,7008,August,6078,Standard Deviation,2008,2008,°C,,M
154,'807,North Macedonia,7008,August,6078,Standard Deviation,2009,2009,°C,,M
154,'807,North Macedonia,7008,August,6078,Standard Deviation,2010,2010,°C,,M
154,'807,North Macedonia,7008,August,6078,Standard Deviation,2011,2011,°C,,M
154,'807,North Macedonia,7008,August,6078,Standard Deviation,2012,2012,°C,,M
154,'807,North Macedonia,7008,August,6078,Standard Deviation,2013,2013,°C,,M
154,'807,North Macedonia,7008,August,6078,Standard Deviation,2014,2014,°C,,M
154,'807,North Macedonia,7008,August,6078,Standard Deviation,2015,2015,°C,,M
154,'807,North Macedonia,7008,August,6078,Standard Deviation,2016,2016,°C,,M
154,'807,North Macedonia,7008,August,6078,Standard Deviation,2017,2017,°C,,M
154,'807,North Macedonia,7008,August,6078,Standard Deviation,2018,2018,°C,,M
154,'807,North Macedonia,7008,August,6078,Standard Deviation,2019,2019,°C,,M
154,'807,North Macedonia,7008,August,6078,Standard Deviation,2020,2020,°C,,M
154,'807,North Macedonia,7008,August,6078,Standard Deviation,2021,2021,°C,,M
154,'807,North Macedonia,7008,August,6078,Standard Deviation,2022,2022,°C,,M
154,'807,North Macedonia,7009,September,7271,Temperature change,1992,1992,°C,0.178000,E
154,'807,North Macedonia,7009,September,7271,Temperature change,1993,1993,°C,0.547000,E
154,'807,North Macedonia,7009,September,7271,Temperature change,1994,1994,°C,3.618000,E
154,'807,North Macedonia,7009,September,7271,Temperature change,1995,1995,°C,-0.830000,E
154,'807,North Macedonia,7009,September,7271,Temperature change,1996,1996,°C,-2.316000,E
154,'807,North Macedonia,7009,September,7271,Temperature change,1997,1997,°C,-0.699000,E
154,'807,North Macedonia,7009,September,7271,Temperature change,1998,1998,°C,-0.366000,E
154,'807,North Macedonia,7009,September,7271,Temperature change,1999,1999,°C,1.489000,E
154,'807,North Macedonia,7009,September,7271,Temperature change,2000,2000,°C,0.500000,E
154,'807,North Macedonia,7009,September,7271,Temperature change,2001,2001,°C,0.668000,E
154,'807,North Macedonia,7009,September,7271,Temperature change,2002,2002,°C,-1.132000,E
154,'807,North Macedonia,7009,September,7271,Temperature change,2003,2003,°C,-0.409000,E
154,'807,North Macedonia,7009,September,7271,Temperature change,2004,2004,°C,0.439000,E
154,'807,North Macedonia,7009,September,7271,Temperature change,2005,2005,°C,0.817000,E
154,'807,North Macedonia,7009,September,7271,Temperature change,2006,2006,°C,0.719000,E
154,'807,North Macedonia,7009,September,7271,Temperature change,2007,2007,°C,-0.624000,E
154,'807,North Macedonia,7009,September,7271,Temperature change,2008,2008,°C,-0.384000,E
154,'807,North Macedonia,7009,September,7271,Temperature change,2009,2009,°C,1.005000,E
154,'807,North Macedonia,7009,September,7271,Temperature change,2010,2010,°C,0.520000,E
154,'807,North Macedonia,7009,September,7271,Temperature change,2011,2011,°C,3.510000,E
154,'807,North Macedonia,7009,September,7271,Temperature change,2012,2012,°C,2.649000,E
154,'807,North Macedonia,7009,September,7271,Temperature change,2013,2013,°C,0.527000,E
154,'807,North Macedonia,7009,September,7271,Temperature change,2014,2014,°C,0.213000,E
154,'807,North Macedonia,7009,September,7271,Temperature change,2015,2015,°C,2.550000,E
154,'807,North Macedonia,7009,September,7271,Temperature change,2016,2016,°C,0.563000,E
154,'807,North Macedonia,7009,September,7271,Temperature change,2017,2017,°C,1.259000,E
154,'807,North Macedonia,7009,September,7271,Temperature change,2018,2018,°C,1.724000,E
154,'807,North Macedonia,7009,September,7271,Temperature change,2019,2019,°C,2.320000,E
154,'807,North Macedonia,7009,September,7271,Temperature change,2020,2020,°C,2.835000,E
154,'807,North Macedonia,7009,September,7271,Temperature change,2021,2021,°C,0.664000,E
154,'807,North Macedonia,7009,September,7271,Temperature change,2022,2022,°C,0.610000,E
154,'807,North Macedonia,7009,September,6078,Standard Deviation,1992,1992,°C,,M
154,'807,North Macedonia,7009,September,6078,Standard Deviation,1993,1993,°C,,M
154,'807,North Macedonia,7009,September,6078,Standard Deviation,1994,1994,°C,,M
154,'807,North Macedonia,7009,September,6078,Standard Deviation,1995,1995,°C,,M
154,'807,North Macedonia,7009,September,6078,Standard Deviation,1996,1996,°C,,M
154,'807,North Macedonia,7009,September,6078,Standard Deviation,1997,1997,°C,,M
154,'807,North Macedonia,7009,September,6078,Standard Deviation,1998,1998,°C,,M
154,'807,North Macedonia,7009,September,6078,Standard Deviation,1999,1999,°C,,M
154,'807,North Macedonia,7009,September,6078,Standard Deviation,2000,2000,°C,,M
154,'807,North Macedonia,7009,September,6078,Standard Deviation,2001,2001,°C,,M
154,'807,North Macedonia,7009,September,6078,Standard Deviation,2002,2002,°C,,M
154,'807,North Macedonia,7009,September,6078,Standard Deviation,2003,2003,°C,,M
154,'807,North Macedonia,7009,September,6078,Standard Deviation,2004,2004,°C,,M
154,'807,North Macedonia,7009,September,6078,Standard Deviation,2005,2005,°C,,M
154,'807,North Macedonia,7009,September,6078,Standard Deviation,2006,2006,°C,,M
154,'807,North Macedonia,7009,September,6078,Standard Deviation,2007,2007,°C,,M
154,'807,North Macedonia,7009,September,6078,Standard Deviation,2008,2008,°C,,M
154,'807,North Macedonia,7009,September,6078,Standard Deviation,2009,2009,°C,,M
154,'807,North Macedonia,7009,September,6078,Standard Deviation,2010,2010,°C,,M
154,'807,North Macedonia,7009,September,6078,Standard Deviation,2011,2011,°C,,M
154,'807,North Macedonia,7009,September,6078,Standard Deviation,2012,2012,°C,,M
154,'807,North Macedonia,7009,September,6078,Standard Deviation,2013,2013,°C,,M
154,'807,North Macedonia,7009,September,6078,Standard Deviation,2014,2014,°C,,M
154,'807,North Macedonia,7009,September,6078,Standard Deviation,2015,2015,°C,,M
154,'807,North Macedonia,7009,September,6078,Standard Deviation,2016,2016,°C,,M
154,'807,North Macedonia,7009,September,6078,Standard Deviation,2017,2017,°C,,M
154,'807,North Macedonia,7009,September,6078,Standard Deviation,2018,2018,°C,,M
154,'807,North Macedonia,7009,September,6078,Standard Deviation,2019,2019,°C,,M
154,'807,North Macedonia,7009,September,6078,Standard Deviation,2020,2020,°C,,M
154,'807,North Macedonia,7009,September,6078,Standard Deviation,2021,2021,°C,,M
154,'807,North Macedonia,7009,September,6078,Standard Deviation,2022,2022,°C,,M
154,'807,North Macedonia,7010,October,7271,Temperature change,1992,1992,°C,1.949000,E
154,'807,North Macedonia,7010,October,7271,Temperature change,1993,1993,°C,2.727000,E
154,'807,North Macedonia,7010,October,7271,Temperature change,1994,1994,°C,1.066000,E
154,'807,North Macedonia,7010,October,7271,Temperature change,1995,1995,°C,-0.237000,E
154,'807,North Macedonia,7010,October,7271,Temperature change,1996,1996,°C,-0.881000,E
154,'807,North Macedonia,7010,October,7271,Temperature change,1997,1997,°C,-2.017000,E
154,'807,North Macedonia,7010,October,7271,Temperature change,1998,1998,°C,1.043000,E
154,'807,North Macedonia,7010,October,7271,Temperature change,1999,1999,°C,1.583000,E
154,'807,North Macedonia,7010,October,7271,Temperature change,2000,2000,°C,1.249000,E
154,'807,North Macedonia,7010,October,7271,Temperature change,2001,2001,°C,2.878000,E
154,'807,North Macedonia,7010,October,7271,Temperature change,2002,2002,°C,0.260000,E
154,'807,North Macedonia,7010,October,7271,Temperature change,2003,2003,°C,0.225000,E
154,'807,North Macedonia,7010,October,7271,Temperature change,2004,2004,°C,2.581000,E
154,'807,North Macedonia,7010,October,7271,Temperature change,2005,2005,°C,0.131000,E
154,'807,North Macedonia,7010,October,7271,Temperature change,2006,2006,°C,1.787000,E
154,'807,North Macedonia,7010,October,7271,Temperature change,2007,2007,°C,0.319000,E
154,'807,North Macedonia,7010,October,7271,Temperature change,2008,2008,°C,1.314000,E
154,'807,North Macedonia,7010,October,7271,Temperature change,2009,2009,°C,0.615000,E
154,'807,North Macedonia,7010,October,7271,Temperature change,2010,2010,°C,-1.057000,E
154,'807,North Macedonia,7010,October,7271,Temperature change,2011,2011,°C,-0.793000,E
154,'807,North Macedonia,7010,October,7271,Temperature change,2012,2012,°C,3.076000,E
154,'807,North Macedonia,7010,October,7271,Temperature change,2013,2013,°C,1.598000,E
154,'807,North Macedonia,7010,October,7271,Temperature change,2014,2014,°C,0.723000,E
154,'807,North Macedonia,7010,October,7271,Temperature change,2015,2015,°C,1.194000,E
154,'807,North Macedonia,7010,October,7271,Temperature change,2016,2016,°C,0.628000,E
154,'807,North Macedonia,7010,October,7271,Temperature change,2017,2017,°C,0.810000,E
154,'807,North Macedonia,7010,October,7271,Temperature change,2018,2018,°C,2.340000,E
154,'807,North Macedonia,7010,October,7271,Temperature change,2019,2019,°C,3.194000,E
154,'807,North Macedonia,7010,October,7271,Temperature change,2020,2020,°C,1.854000,E
154,'807,North Macedonia,7010,October,7271,Temperature change,2021,2021,°C,-0.971000,E
154,'807,North Macedonia,7010,October,7271,Temperature change,2022,2022,°C,1.768000,E
154,'807,North Macedonia,7010,October,6078,Standard Deviation,1992,1992,°C,,M
154,'807,North Macedonia,7010,October,6078,Standard Deviation,1993,1993,°C,,M
154,'807,North Macedonia,7010,October,6078,Standard Deviation,1994,1994,°C,,M
154,'807,North Macedonia,7010,October,6078,Standard Deviation,1995,1995,°C,,M
154,'807,North Macedonia,7010,October,6078,Standard Deviation,1996,1996,°C,,M
154,'807,North Macedonia,7010,October,6078,Standard Deviation,1997,1997,°C,,M
154,'807,North Macedonia,7010,October,6078,Standard Deviation,1998,1998,°C,,M
154,'807,North Macedonia,7010,October,6078,Standard Deviation,1999,1999,°C,,M
154,'807,North Macedonia,7010,October,6078,Standard Deviation,2000,2000,°C,,M
154,'807,North Macedonia,7010,October,6078,Standard Deviation,2001,2001,°C,,M
154,'807,North Macedonia,7010,October,6078,Standard Deviation,2002,2002,°C,,M
154,'807,North Macedonia,7010,October,6078,Standard Deviation,2003,2003,°C,,M
154,'807,North Macedonia,7010,October,6078,Standard Deviation,2004,2004,°C,,M
154,'807,North Macedonia,7010,October,6078,Standard Deviation,2005,2005,°C,,M
154,'807,North Macedonia,7010,October,6078,Standard Deviation,2006,2006,°C,,M
154,'807,North Macedonia,7010,October,6078,Standard Deviation,2007,2007,°C,,M
154,'807,North Macedonia,7010,October,6078,Standard Deviation,2008,2008,°C,,M
154,'807,North Macedonia,7010,October,6078,Standard Deviation,2009,2009,°C,,M
154,'807,North Macedonia,7010,October,6078,Standard Deviation,2010,2010,°C,,M
154,'807,North Macedonia,7010,October,6078,Standard Deviation,2011,2011,°C,,M
154,'807,North Macedonia,7010,October,6078,Standard Deviation,2012,2012,°C,,M
154,'807,North Macedonia,7010,October,6078,Standard Deviation,2013,2013,°C,,M
154,'807,North Macedonia,7010,October,6078,Standard Deviation,2014,2014,°C,,M
154,'807,North Macedonia,7010,October,6078,Standard Deviation,2015,2015,°C,,M
154,'807,North Macedonia,7010,October,6078,Standard Deviation,2016,2016,°C,,M
154,'807,North Macedonia,7010,October,6078,Standard Deviation,2017,2017,°C,,M
154,'807,North Macedonia,7010,October,6078,Standard Deviation,2018,2018,°C,,M
154,'807,North Macedonia,7010,October,6078,Standard Deviation,2019,2019,°C,,M
154,'807,North Macedonia,7010,October,6078,Standard Deviation,2020,2020,°C,,M
154,'807,North Macedonia,7010,October,6078,Standard Deviation,2021,2021,°C,,M
154,'807,North Macedonia,7010,October,6078,Standard Deviation,2022,2022,°C,,M
154,'807,North Macedonia,7011,November,7271,Temperature change,1992,1992,°C,0.404000,E
154,'807,North Macedonia,7011,November,7271,Temperature change,1993,1993,°C,-2.442000,E
154,'807,North Macedonia,7011,November,7271,Temperature change,1994,1994,°C,-0.205000,E
154,'807,North Macedonia,7011,November,7271,Temperature change,1995,1995,°C,-3.345000,E
154,'807,North Macedonia,7011,November,7271,Temperature change,1996,1996,°C,1.013000,E
154,'807,North Macedonia,7011,November,7271,Temperature change,1997,1997,°C,0.045000,E
154,'807,North Macedonia,7011,November,7271,Temperature change,1998,1998,°C,-1.472000,E
154,'807,North Macedonia,7011,November,7271,Temperature change,1999,1999,°C,-0.228000,E
154,'807,North Macedonia,7011,November,7271,Temperature change,2000,2000,°C,3.138000,E
154,'807,North Macedonia,7011,November,7271,Temperature change,2001,2001,°C,-1.111000,E
154,'807,North Macedonia,7011,November,7271,Temperature change,2002,2002,°C,1.104000,E
154,'807,North Macedonia,7011,November,7271,Temperature change,2003,2003,°C,1.162000,E
154,'807,North Macedonia,7011,November,7271,Temperature change,2004,2004,°C,-0.212000,E
154,'807,North Macedonia,7011,November,7271,Temperature change,2005,2005,°C,-1.416000,E
154,'807,North Macedonia,7011,November,7271,Temperature change,2006,2006,°C,-0.863000,E
154,'807,North Macedonia,7011,November,7271,Temperature change,2007,2007,°C,-1.849000,E
154,'807,North Macedonia,7011,November,7271,Temperature change,2008,2008,°C,1.077000,E
154,'807,North Macedonia,7011,November,7271,Temperature change,2009,2009,°C,1.297000,E
154,'807,North Macedonia,7011,November,7271,Temperature change,2010,2010,°C,3.707000,E
154,'807,North Macedonia,7011,November,7271,Temperature change,2011,2011,°C,-1.951000,E
154,'807,North Macedonia,7011,November,7271,Temperature change,2012,2012,°C,2.446000,E
154,'807,North Macedonia,7011,November,7271,Temperature change,2013,2013,°C,2.037000,E
154,'807,North Macedonia,7011,November,7271,Temperature change,2014,2014,°C,1.454000,E
154,'807,North Macedonia,7011,November,7271,Temperature change,2015,2015,°C,2.363000,E
154,'807,North Macedonia,7011,November,7271,Temperature change,2016,2016,°C,0.032000,E
154,'807,North Macedonia,7011,November,7271,Temperature change,2017,2017,°C,0.085000,E
154,'807,North Macedonia,7011,November,7271,Temperature change,2018,2018,°C,1.458000,E
154,'807,North Macedonia,7011,November,7271,Temperature change,2019,2019,°C,4.082000,E
154,'807,North Macedonia,7011,November,7271,Temperature change,2020,2020,°C,0.593000,E
154,'807,North Macedonia,7011,November,7271,Temperature change,2021,2021,°C,1.695000,E
154,'807,North Macedonia,7011,November,7271,Temperature change,2022,2022,°C,2.281000,E
154,'807,North Macedonia,7011,November,6078,Standard Deviation,1992,1992,°C,,M
154,'807,North Macedonia,7011,November,6078,Standard Deviation,1993,1993,°C,,M
154,'807,North Macedonia,7011,November,6078,Standard Deviation,1994,1994,°C,,M
154,'807,North Macedonia,7011,November,6078,Standard Deviation,1995,1995,°C,,M
154,'807,North Macedonia,7011,November,6078,Standard Deviation,1996,1996,°C,,M
154,'807,North Macedonia,7011,November,6078,Standard Deviation,1997,1997,°C,,M
154,'807,North Macedonia,7011,November,6078,Standard Deviation,1998,1998,°C,,M
154,'807,North Macedonia,7011,November,6078,Standard Deviation,1999,1999,°C,,M
154,'807,North Macedonia,7011,November,6078,Standard Deviation,2000,2000,°C,,M
154,'807,North Macedonia,7011,November,6078,Standard Deviation,2001,2001,°C,,M
154,'807,North Macedonia,7011,November,6078,Standard Deviation,2002,2002,°C,,M
154,'807,North Macedonia,7011,November,6078,Standard Deviation,2003,2003,°C,,M
154,'807,North Macedonia,7011,November,6078,Standard Deviation,2004,2004,°C,,M
154,'807,North Macedonia,7011,November,6078,Standard Deviation,2005,2005,°C,,M
154,'807,North Macedonia,7011,November,6078,Standard Deviation,2006,2006,°C,,M
154,'807,North Macedonia,7011,November,6078,Standard Deviation,2007,2007,°C,,M
154,'807,North Macedonia,7011,November,6078,Standard Deviation,2008,2008,°C,,M
154,'807,North Macedonia,7011,November,6078,Standard Deviation,2009,2009,°C,,M
154,'807,North Macedonia,7011,November,6078,Standard Deviation,2010,2010,°C,,M
154,'807,North Macedonia,7011,November,6078,Standard Deviation,2011,2011,°C,,M
154,'807,North Macedonia,7011,November,6078,Standard Deviation,2012,2012,°C,,M
154,'807,North Macedonia,7011,November,6078,Standard Deviation,2013,2013,°C,,M
154,'807,North Macedonia,7011,November,6078,Standard Deviation,2014,2014,°C,,M
154,'807,North Macedonia,7011,November,6078,Standard Deviation,2015,2015,°C,,M
154,'807,North Macedonia,7011,November,6078,Standard Deviation,2016,2016,°C,,M
154,'807,North Macedonia,7011,November,6078,Standard Deviation,2017,2017,°C,,M
154,'807,North Macedonia,7011,November,6078,Standard Deviation,2018,2018,°C,,M
154,'807,North Macedonia,7011,November,6078,Standard Deviation,2019,2019,°C,,M
154,'807,North Macedonia,7011,November,6078,Standard Deviation,2020,2020,°C,,M
154,'807,North Macedonia,7011,November,6078,Standard Deviation,2021,2021,°C,,M
154,'807,North Macedonia,7011,November,6078,Standard Deviation,2022,2022,°C,,M
154,'807,North Macedonia,7012,December,7271,Temperature change,1992,1992,°C,-1.403000,E
154,'807,North Macedonia,7012,December,7271,Temperature change,1993,1993,°C,1.646000,E
154,'807,North Macedonia,7012,December,7271,Temperature change,1994,1994,°C,-0.069000,E
154,'807,North Macedonia,7012,December,7271,Temperature change,1995,1995,°C,1.313000,E
154,'807,North Macedonia,7012,December,7271,Temperature change,1996,1996,°C,0.571000,E
154,'807,North Macedonia,7012,December,7271,Temperature change,1997,1997,°C,0.118000,E
154,'807,North Macedonia,7012,December,7271,Temperature change,1998,1998,°C,-3.042000,E
154,'807,North Macedonia,7012,December,7271,Temperature change,1999,1999,°C,1.144000,E
154,'807,North Macedonia,7012,December,7271,Temperature change,2000,2000,°C,1.552000,E
154,'807,North Macedonia,7012,December,7271,Temperature change,2001,2001,°C,-5.545000,E
154,'807,North Macedonia,7012,December,7271,Temperature change,2002,2002,°C,-0.076000,E
154,'807,North Macedonia,7012,December,7271,Temperature change,2003,2003,°C,-0.231000,E
154,'807,North Macedonia,7012,December,7271,Temperature change,2004,2004,°C,1.315000,E
154,'807,North Macedonia,7012,December,7271,Temperature change,2005,2005,°C,0.535000,E
154,'807,North Macedonia,7012,December,7271,Temperature change,2006,2006,°C,0.254000,E
154,'807,North Macedonia,7012,December,7271,Temperature change,2007,2007,°C,-1.341000,E
154,'807,North Macedonia,7012,December,7271,Temperature change,2008,2008,°C,1.486000,E
154,'807,North Macedonia,7012,December,7271,Temperature change,2009,2009,°C,2.333000,E
154,'807,North Macedonia,7012,December,7271,Temperature change,2010,2010,°C,0.702000,E
154,'807,North Macedonia,7012,December,7271,Temperature change,2011,2011,°C,0.427000,E
154,'807,North Macedonia,7012,December,7271,Temperature change,2012,2012,°C,-1.035000,E
154,'807,North Macedonia,7012,December,7271,Temperature change,2013,2013,°C,-0.369000,E
154,'807,North Macedonia,7012,December,7271,Temperature change,2014,2014,°C,1.211000,E
154,'807,North Macedonia,7012,December,7271,Temperature change,2015,2015,°C,0.995000,E
154,'807,North Macedonia,7012,December,7271,Temperature change,2016,2016,°C,-1.296000,E
154,'807,North Macedonia,7012,December,7271,Temperature change,2017,2017,°C,1.491000,E
154,'807,North Macedonia,7012,December,7271,Temperature change,2018,2018,°C,-0.365000,E
154,'807,North Macedonia,7012,December,7271,Temperature change,2019,2019,°C,2.082000,E
154,'807,North Macedonia,7012,December,7271,Temperature change,2020,2020,°C,3.412000,E
154,'807,North Macedonia,7012,December,7271,Temperature change,2021,2021,°C,1.099000,E
154,'807,North Macedonia,7012,December,7271,Temperature change,2022,2022,°C,3.534000,E
154,'807,North Macedonia,7012,December,6078,Standard Deviation,1992,1992,°C,,M
154,'807,North Macedonia,7012,December,6078,Standard Deviation,1993,1993,°C,,M
154,'807,North Macedonia,7012,December,6078,Standard Deviation,1994,1994,°C,,M
154,'807,North Macedonia,7012,December,6078,Standard Deviation,1995,1995,°C,,M
154,'807,North Macedonia,7012,December,6078,Standard Deviation,1996,1996,°C,,M
154,'807,North Macedonia,7012,December,6078,Standard Deviation,1997,1997,°C,,M
154,'807,North Macedonia,7012,December,6078,Standard Deviation,1998,1998,°C,,M
154,'807,North Macedonia,7012,December,6078,Standard Deviation,1999,1999,°C,,M
154,'807,North Macedonia,7012,December,6078,Standard Deviation,2000,2000,°C,,M
154,'807,North Macedonia,7012,December,6078,Standard Deviation,2001,2001,°C,,M
154,'807,North Macedonia,7012,December,6078,Standard Deviation,2002,2002,°C,,M
154,'807,North Macedonia,7012,December,6078,Standard Deviation,2003,2003,°C,,M
154,'807,North Macedonia,7012,December,6078,Standard Deviation,2004,2004,°C,,M
154,'807,North Macedonia,7012,December,6078,Standard Deviation,2005,2005,°C,,M
154,'807,North Macedonia,7012,December,6078,Standard Deviation,2006,2006,°C,,M
154,'807,North Macedonia,7012,December,6078,Standard Deviation,2007,2007,°C,,M
154,'807,North Macedonia,7012,December,6078,Standard Deviation,2008,2008,°C,,M
154,'807,North Macedonia,7012,December,6078,Standard Deviation,2009,2009,°C,,M
154,'807,North Macedonia,7012,December,6078,Standard Deviation,2010,2010,°C,,M
154,'807,North Macedonia,7012,December,6078,Standard Deviation,2011,2011,°C,,M
154,'807,North Macedonia,7012,December,6078,Standard Deviation,2012,2012,°C,,M
154,'807,North Macedonia,7012,December,6078,Standard Deviation,2013,2013,°C,,M
154,'807,North Macedonia,7012,December,6078,Standard Deviation,2014,2014,°C,,M
154,'807,North Macedonia,7012,December,6078,Standard Deviation,2015,2015,°C,,M
154,'807,North Macedonia,7012,December,6078,Standard Deviation,2016,2016,°C,,M
154,'807,North Macedonia,7012,December,6078,Standard Deviation,2017,2017,°C,,M
154,'807,North Macedonia,7012,December,6078,Standard Deviation,2018,2018,°C,,M
154,'807,North Macedonia,7012,December,6078,Standard Deviation,2019,2019,°C,,M
154,'807,North Macedonia,7012,December,6078,Standard Deviation,2020,2020,°C,,M
154,'807,North Macedonia,7012,December,6078,Standard Deviation,2021,2021,°C,,M
154,'807,North Macedonia,7012,December,6078,Standard Deviation,2022,2022,°C,,M
154,'807,North Macedonia,7016,DecJanFeb,7271,Temperature change,1992,1992,°C,-1.446000,E
154,'807,North Macedonia,7016,DecJanFeb,7271,Temperature change,1993,1993,°C,-1.450000,E
154,'807,North Macedonia,7016,DecJanFeb,7271,Temperature change,1994,1994,°C,1.600000,E
154,'807,North Macedonia,7016,DecJanFeb,7271,Temperature change,1995,1995,°C,0.940000,E
154,'807,North Macedonia,7016,DecJanFeb,7271,Temperature change,1996,1996,°C,0.194000,E
154,'807,North Macedonia,7016,DecJanFeb,7271,Temperature change,1997,1997,°C,1.140000,E
154,'807,North Macedonia,7016,DecJanFeb,7271,Temperature change,1998,1998,°C,1.498000,E
154,'807,North Macedonia,7016,DecJanFeb,7271,Temperature change,1999,1999,°C,-1.136000,E
154,'807,North Macedonia,7016,DecJanFeb,7271,Temperature change,2000,2000,°C,-0.523000,E
154,'807,North Macedonia,7016,DecJanFeb,7271,Temperature change,2001,2001,°C,2.040000,E
154,'807,North Macedonia,7016,DecJanFeb,7271,Temperature change,2002,2002,°C,-0.964000,E
154,'807,North Macedonia,7016,DecJanFeb,7271,Temperature change,2003,2003,°C,-0.695000,E
154,'807,North Macedonia,7016,DecJanFeb,7271,Temperature change,2004,2004,°C,-0.136000,E
154,'807,North Macedonia,7016,DecJanFeb,7271,Temperature change,2005,2005,°C,-0.067000,E
154,'807,North Macedonia,7016,DecJanFeb,7271,Temperature change,2006,2006,°C,-0.599000,E
154,'807,North Macedonia,7016,DecJanFeb,7271,Temperature change,2007,2007,°C,2.248000,E
154,'807,North Macedonia,7016,DecJanFeb,7271,Temperature change,2008,2008,°C,0.393000,E
154,'807,North Macedonia,7016,DecJanFeb,7271,Temperature change,2009,2009,°C,0.755000,E
154,'807,North Macedonia,7016,DecJanFeb,7271,Temperature change,2010,2010,°C,1.522000,E
154,'807,North Macedonia,7016,DecJanFeb,7271,Temperature change,2011,2011,°C,0.684000,E
154,'807,North Macedonia,7016,DecJanFeb,7271,Temperature change,2012,2012,°C,-1.400000,E
154,'807,North Macedonia,7016,DecJanFeb,7271,Temperature change,2013,2013,°C,0.870000,E
154,'807,North Macedonia,7016,DecJanFeb,7271,Temperature change,2014,2014,°C,2.234000,E
154,'807,North Macedonia,7016,DecJanFeb,7271,Temperature change,2015,2015,°C,1.102000,E
154,'807,North Macedonia,7016,DecJanFeb,7271,Temperature change,2016,2016,°C,2.547000,E
154,'807,North Macedonia,7016,DecJanFeb,7271,Temperature change,2017,2017,°C,-0.754000,E
154,'807,North Macedonia,7016,DecJanFeb,7271,Temperature change,2018,2018,°C,1.764000,E
154,'807,North Macedonia,7016,DecJanFeb,7271,Temperature change,2019,2019,°C,0.179000,E
154,'807,North Macedonia,7016,DecJanFeb,7271,Temperature change,2020,2020,°C,1.977000,E
154,'807,North Macedonia,7016,DecJanFeb,7271,Temperature change,2021,2021,°C,2.945000,E
154,'807,North Macedonia,7016,DecJanFeb,7271,Temperature change,2022,2022,°C,1.395000,E
154,'807,North Macedonia,7016,DecJanFeb,6078,Standard Deviation,1992,1992,°C,,M
154,'807,North Macedonia,7016,DecJanFeb,6078,Standard Deviation,1993,1993,°C,,M
154,'807,North Macedonia,7016,DecJanFeb,6078,Standard Deviation,1994,1994,°C,,M
154,'807,North Macedonia,7016,DecJanFeb,6078,Standard Deviation,1995,1995,°C,,M
154,'807,North Macedonia,7016,DecJanFeb,6078,Standard Deviation,1996,1996,°C,,M
154,'807,North Macedonia,7016,DecJanFeb,6078,Standard Deviation,1997,1997,°C,,M
154,'807,North Macedonia,7016,DecJanFeb,6078,Standard Deviation,1998,1998,°C,,M
154,'807,North Macedonia,7016,DecJanFeb,6078,Standard Deviation,1999,1999,°C,,M
154,'807,North Macedonia,7016,DecJanFeb,6078,Standard Deviation,2000,2000,°C,,M
154,'807,North Macedonia,7016,DecJanFeb,6078,Standard Deviation,2001,2001,°C,,M
154,'807,North Macedonia,7016,DecJanFeb,6078,Standard Deviation,2002,2002,°C,,M
154,'807,North Macedonia,7016,DecJanFeb,6078,Standard Deviation,2003,2003,°C,,M
154,'807,North Macedonia,7016,DecJanFeb,6078,Standard Deviation,2004,2004,°C,,M
154,'807,North Macedonia,7016,DecJanFeb,6078,Standard Deviation,2005,2005,°C,,M
154,'807,North Macedonia,7016,DecJanFeb,6078,Standard Deviation,2006,2006,°C,,M
154,'807,North Macedonia,7016,DecJanFeb,6078,Standard Deviation,2007,2007,°C,,M
154,'807,North Macedonia,7016,DecJanFeb,6078,Standard Deviation,2008,2008,°C,,M
154,'807,North Macedonia,7016,DecJanFeb,6078,Standard Deviation,2009,2009,°C,,M
154,'807,North Macedonia,7016,DecJanFeb,6078,Standard Deviation,2010,2010,°C,,M
154,'807,North Macedonia,7016,DecJanFeb,6078,Standard Deviation,2011,2011,°C,,M
154,'807,North Macedonia,7016,DecJanFeb,6078,Standard Deviation,2012,2012,°C,,M
154,'807,North Macedonia,7016,DecJanFeb,6078,Standard Deviation,2013,2013,°C,,M
154,'807,North Macedonia,7016,DecJanFeb,6078,Standard Deviation,2014,2014,°C,,M
154,'807,North Macedonia,7016,DecJanFeb,6078,Standard Deviation,2015,2015,°C,,M
154,'807,North Macedonia,7016,DecJanFeb,6078,Standard Deviation,2016,2016,°C,,M
154,'807,North Macedonia,7016,DecJanFeb,6078,Standard Deviation,2017,2017,°C,,M
154,'807,North Macedonia,7016,DecJanFeb,6078,Standard Deviation,2018,2018,°C,,M
154,'807,North Macedonia,7016,DecJanFeb,6078,Standard Deviation,2019,2019,°C,,M
154,'807,North Macedonia,7016,DecJanFeb,6078,Standard Deviation,2020,2020,°C,,M
154,'807,North Macedonia,7016,DecJanFeb,6078,Standard Deviation,2021,2021,°C,,M
154,'807,North Macedonia,7016,DecJanFeb,6078,Standard Deviation,2022,2022,°C,,M
154,'807,North Macedonia,7017,MarAprMay,7271,Temperature change,1992,1992,°C,0.045000,E
154,'807,North Macedonia,7017,MarAprMay,7271,Temperature change,1993,1993,°C,0.135000,E
154,'807,North Macedonia,7017,MarAprMay,7271,Temperature change,1994,1994,°C,1.575000,E
154,'807,North Macedonia,7017,MarAprMay,7271,Temperature change,1995,1995,°C,-0.176000,E
154,'807,North Macedonia,7017,MarAprMay,7271,Temperature change,1996,1996,°C,-0.750000,E
154,'807,North Macedonia,7017,MarAprMay,7271,Temperature change,1997,1997,°C,-1.030000,E
154,'807,North Macedonia,7017,MarAprMay,7271,Temperature change,1998,1998,°C,-0.005000,E
154,'807,North Macedonia,7017,MarAprMay,7271,Temperature change,1999,1999,°C,1.173000,E
154,'807,North Macedonia,7017,MarAprMay,7271,Temperature change,2000,2000,°C,1.534000,E
154,'807,North Macedonia,7017,MarAprMay,7271,Temperature change,2001,2001,°C,1.973000,E
154,'807,North Macedonia,7017,MarAprMay,7271,Temperature change,2002,2002,°C,1.218000,E
154,'807,North Macedonia,7017,MarAprMay,7271,Temperature change,2003,2003,°C,0.398000,E
154,'807,North Macedonia,7017,MarAprMay,7271,Temperature change,2004,2004,°C,0.222000,E
154,'807,North Macedonia,7017,MarAprMay,7271,Temperature change,2005,2005,°C,0.475000,E
154,'807,North Macedonia,7017,MarAprMay,7271,Temperature change,2006,2006,°C,0.900000,E
154,'807,North Macedonia,7017,MarAprMay,7271,Temperature change,2007,2007,°C,1.878000,E
154,'807,North Macedonia,7017,MarAprMay,7271,Temperature change,2008,2008,°C,1.599000,E
154,'807,North Macedonia,7017,MarAprMay,7271,Temperature change,2009,2009,°C,1.166000,E
154,'807,North Macedonia,7017,MarAprMay,7271,Temperature change,2010,2010,°C,1.202000,E
154,'807,North Macedonia,7017,MarAprMay,7271,Temperature change,2011,2011,°C,0.567000,E
154,'807,North Macedonia,7017,MarAprMay,7271,Temperature change,2012,2012,°C,1.232000,E
154,'807,North Macedonia,7017,MarAprMay,7271,Temperature change,2013,2013,°C,1.986000,E
154,'807,North Macedonia,7017,MarAprMay,7271,Temperature change,2014,2014,°C,1.283000,E
154,'807,North Macedonia,7017,MarAprMay,7271,Temperature change,2015,2015,°C,0.898000,E
154,'807,North Macedonia,7017,MarAprMay,7271,Temperature change,2016,2016,°C,1.868000,E
154,'807,North Macedonia,7017,MarAprMay,7271,Temperature change,2017,2017,°C,1.859000,E
154,'807,North Macedonia,7017,MarAprMay,7271,Temperature change,2018,2018,°C,3.281000,E
154,'807,North Macedonia,7017,MarAprMay,7271,Temperature change,2019,2019,°C,1.530000,E
154,'807,North Macedonia,7017,MarAprMay,7271,Temperature change,2020,2020,°C,0.960000,E
154,'807,North Macedonia,7017,MarAprMay,7271,Temperature change,2021,2021,°C,0.170000,E
154,'807,North Macedonia,7017,MarAprMay,7271,Temperature change,2022,2022,°C,0.411000,E
154,'807,North Macedonia,7017,MarAprMay,6078,Standard Deviation,1992,1992,°C,,M
154,'807,North Macedonia,7017,MarAprMay,6078,Standard Deviation,1993,1993,°C,,M
154,'807,North Macedonia,7017,MarAprMay,6078,Standard Deviation,1994,1994,°C,,M
154,'807,North Macedonia,7017,MarAprMay,6078,Standard Deviation,1995,1995,°C,,M
154,'807,North Macedonia,7017,MarAprMay,6078,Standard Deviation,1996,1996,°C,,M
154,'807,North Macedonia,7017,MarAprMay,6078,Standard Deviation,1997,1997,°C,,M
154,'807,North Macedonia,7017,MarAprMay,6078,Standard Deviation,1998,1998,°C,,M
154,'807,North Macedonia,7017,MarAprMay,6078,Standard Deviation,1999,1999,°C,,M
154,'807,North Macedonia,7017,MarAprMay,6078,Standard Deviation,2000,2000,°C,,M
154,'807,North Macedonia,7017,MarAprMay,6078,Standard Deviation,2001,2001,°C,,M
154,'807,North Macedonia,7017,MarAprMay,6078,Standard Deviation,2002,2002,°C,,M
154,'807,North Macedonia,7017,MarAprMay,6078,Standard Deviation,2003,2003,°C,,M
154,'807,North Macedonia,7017,MarAprMay,6078,Standard Deviation,2004,2004,°C,,M
154,'807,North Macedonia,7017,MarAprMay,6078,Standard Deviation,2005,2005,°C,,M
154,'807,North Macedonia,7017,MarAprMay,6078,Standard Deviation,2006,2006,°C,,M
154,'807,North Macedonia,7017,MarAprMay,6078,Standard Deviation,2007,2007,°C,,M
154,'807,North Macedonia,7017,MarAprMay,6078,Standard Deviation,2008,2008,°C,,M
154,'807,North Macedonia,7017,MarAprMay,6078,Standard Deviation,2009,2009,°C,,M
154,'807,North Macedonia,7017,MarAprMay,6078,Standard Deviation,2010,2010,°C,,M
154,'807,North Macedonia,7017,MarAprMay,6078,Standard Deviation,2011,2011,°C,,M
154,'807,North Macedonia,7017,MarAprMay,6078,Standard Deviation,2012,2012,°C,,M
154,'807,North Macedonia,7017,MarAprMay,6078,Standard Deviation,2013,2013,°C,,M
154,'807,North Macedonia,7017,MarAprMay,6078,Standard Deviation,2014,2014,°C,,M
154,'807,North Macedonia,7017,MarAprMay,6078,Standard Deviation,2015,2015,°C,,M
154,'807,North Macedonia,7017,MarAprMay,6078,Standard Deviation,2016,2016,°C,,M
154,'807,North Macedonia,7017,MarAprMay,6078,Standard Deviation,2017,2017,°C,,M
154,'807,North Macedonia,7017,MarAprMay,6078,Standard Deviation,2018,2018,°C,,M
154,'807,North Macedonia,7017,MarAprMay,6078,Standard Deviation,2019,2019,°C,,M
154,'807,North Macedonia,7017,MarAprMay,6078,Standard Deviation,2020,2020,°C,,M
154,'807,North Macedonia,7017,MarAprMay,6078,Standard Deviation,2021,2021,°C,,M
154,'807,North Macedonia,7017,MarAprMay,6078,Standard Deviation,2022,2022,°C,,M
154,'807,North Macedonia,7018,JunJulAug,7271,Temperature change,1992,1992,°C,0.637000,E
154,'807,North Macedonia,7018,JunJulAug,7271,Temperature change,1993,1993,°C,0.999000,E
154,'807,North Macedonia,7018,JunJulAug,7271,Temperature change,1994,1994,°C,1.135000,E
154,'807,North Macedonia,7018,JunJulAug,7271,Temperature change,1995,1995,°C,0.404000,E
154,'807,North Macedonia,7018,JunJulAug,7271,Temperature change,1996,1996,°C,0.699000,E
154,'807,North Macedonia,7018,JunJulAug,7271,Temperature change,1997,1997,°C,0.223000,E
154,'807,North Macedonia,7018,JunJulAug,7271,Temperature change,1998,1998,°C,1.756000,E
154,'807,North Macedonia,7018,JunJulAug,7271,Temperature change,1999,1999,°C,1.358000,E
154,'807,North Macedonia,7018,JunJulAug,7271,Temperature change,2000,2000,°C,1.641000,E
154,'807,North Macedonia,7018,JunJulAug,7271,Temperature change,2001,2001,°C,1.524000,E
154,'807,North Macedonia,7018,JunJulAug,7271,Temperature change,2002,2002,°C,1.125000,E
154,'807,North Macedonia,7018,JunJulAug,7271,Temperature change,2003,2003,°C,2.442000,E
154,'807,North Macedonia,7018,JunJulAug,7271,Temperature change,2004,2004,°C,0.425000,E
154,'807,North Macedonia,7018,JunJulAug,7271,Temperature change,2005,2005,°C,0.340000,E
154,'807,North Macedonia,7018,JunJulAug,7271,Temperature change,2006,2006,°C,0.637000,E
154,'807,North Macedonia,7018,JunJulAug,7271,Temperature change,2007,2007,°C,2.663000,E
154,'807,North Macedonia,7018,JunJulAug,7271,Temperature change,2008,2008,°C,1.853000,E
154,'807,North Macedonia,7018,JunJulAug,7271,Temperature change,2009,2009,°C,1.150000,E
154,'807,North Macedonia,7018,JunJulAug,7271,Temperature change,2010,2010,°C,1.604000,E
154,'807,North Macedonia,7018,JunJulAug,7271,Temperature change,2011,2011,°C,1.436000,E
154,'807,North Macedonia,7018,JunJulAug,7271,Temperature change,2012,2012,°C,3.234000,E
154,'807,North Macedonia,7018,JunJulAug,7271,Temperature change,2013,2013,°C,1.416000,E
154,'807,North Macedonia,7018,JunJulAug,7271,Temperature change,2014,2014,°C,0.856000,E
154,'807,North Macedonia,7018,JunJulAug,7271,Temperature change,2015,2015,°C,1.880000,E
154,'807,North Macedonia,7018,JunJulAug,7271,Temperature change,2016,2016,°C,1.718000,E
154,'807,North Macedonia,7018,JunJulAug,7271,Temperature change,2017,2017,°C,2.416000,E
154,'807,North Macedonia,7018,JunJulAug,7271,Temperature change,2018,2018,°C,1.444000,E
154,'807,North Macedonia,7018,JunJulAug,7271,Temperature change,2019,2019,°C,2.381000,E
154,'807,North Macedonia,7018,JunJulAug,7271,Temperature change,2020,2020,°C,1.171000,E
154,'807,North Macedonia,7018,JunJulAug,7271,Temperature change,2021,2021,°C,2.542000,E
154,'807,North Macedonia,7018,JunJulAug,7271,Temperature change,2022,2022,°C,2.258000,E
154,'807,North Macedonia,7018,JunJulAug,6078,Standard Deviation,1992,1992,°C,,M
154,'807,North Macedonia,7018,JunJulAug,6078,Standard Deviation,1993,1993,°C,,M
154,'807,North Macedonia,7018,JunJulAug,6078,Standard Deviation,1994,1994,°C,,M
154,'807,North Macedonia,7018,JunJulAug,6078,Standard Deviation,1995,1995,°C,,M
154,'807,North Macedonia,7018,JunJulAug,6078,Standard Deviation,1996,1996,°C,,M
154,'807,North Macedonia,7018,JunJulAug,6078,Standard Deviation,1997,1997,°C,,M
154,'807,North Macedonia,7018,JunJulAug,6078,Standard Deviation,1998,1998,°C,,M
154,'807,North Macedonia,7018,JunJulAug,6078,Standard Deviation,1999,1999,°C,,M
154,'807,North Macedonia,7018,JunJulAug,6078,Standard Deviation,2000,2000,°C,,M
154,'807,North Macedonia,7018,JunJulAug,6078,Standard Deviation,2001,2001,°C,,M
154,'807,North Macedonia,7018,JunJulAug,6078,Standard Deviation,2002,2002,°C,,M
154,'807,North Macedonia,7018,JunJulAug,6078,Standard Deviation,2003,2003,°C,,M
154,'807,North Macedonia,7018,JunJulAug,6078,Standard Deviation,2004,2004,°C,,M
154,'807,North Macedonia,7018,JunJulAug,6078,Standard Deviation,2005,2005,°C,,M
154,'807,North Macedonia,7018,JunJulAug,6078,Standard Deviation,2006,2006,°C,,M
154,'807,North Macedonia,7018,JunJulAug,6078,Standard Deviation,2007,2007,°C,,M
154,'807,North Macedonia,7018,JunJulAug,6078,Standard Deviation,2008,2008,°C,,M
154,'807,North Macedonia,7018,JunJulAug,6078,Standard Deviation,2009,2009,°C,,M
154,'807,North Macedonia,7018,JunJulAug,6078,Standard Deviation,2010,2010,°C,,M
154,'807,North Macedonia,7018,JunJulAug,6078,Standard Deviation,2011,2011,°C,,M
154,'807,North Macedonia,7018,JunJulAug,6078,Standard Deviation,2012,2012,°C,,M
154,'807,North Macedonia,7018,JunJulAug,6078,Standard Deviation,2013,2013,°C,,M
154,'807,North Macedonia,7018,JunJulAug,6078,Standard Deviation,2014,2014,°C,,M
154,'807,North Macedonia,7018,JunJulAug,6078,Standard Deviation,2015,2015,°C,,M
154,'807,North Macedonia,7018,JunJulAug,6078,Standard Deviation,2016,2016,°C,,M
154,'807,North Macedonia,7018,JunJulAug,6078,Standard Deviation,2017,2017,°C,,M
154,'807,North Macedonia,7018,JunJulAug,6078,Standard Deviation,2018,2018,°C,,M
154,'807,North Macedonia,7018,JunJulAug,6078,Standard Deviation,2019,2019,°C,,M
154,'807,North Macedonia,7018,JunJulAug,6078,Standard Deviation,2020,2020,°C,,M
154,'807,North Macedonia,7018,JunJulAug,6078,Standard Deviation,2021,2021,°C,,M
154,'807,North Macedonia,7018,JunJulAug,6078,Standard Deviation,2022,2022,°C,,M
154,'807,North Macedonia,7019,SepOctNov,7271,Temperature change,1992,1992,°C,0.844000,E
154,'807,North Macedonia,7019,SepOctNov,7271,Temperature change,1993,1993,°C,0.277000,E
154,'807,North Macedonia,7019,SepOctNov,7271,Temperature change,1994,1994,°C,1.493000,E
154,'807,North Macedonia,7019,SepOctNov,7271,Temperature change,1995,1995,°C,-1.471000,E
154,'807,North Macedonia,7019,SepOctNov,7271,Temperature change,1996,1996,°C,-0.728000,E
154,'807,North Macedonia,7019,SepOctNov,7271,Temperature change,1997,1997,°C,-0.890000,E
154,'807,North Macedonia,7019,SepOctNov,7271,Temperature change,1998,1998,°C,-0.265000,E
154,'807,North Macedonia,7019,SepOctNov,7271,Temperature change,1999,1999,°C,0.948000,E
154,'807,North Macedonia,7019,SepOctNov,7271,Temperature change,2000,2000,°C,1.629000,E
154,'807,North Macedonia,7019,SepOctNov,7271,Temperature change,2001,2001,°C,0.812000,E
154,'807,North Macedonia,7019,SepOctNov,7271,Temperature change,2002,2002,°C,0.077000,E
154,'807,North Macedonia,7019,SepOctNov,7271,Temperature change,2003,2003,°C,0.326000,E
154,'807,North Macedonia,7019,SepOctNov,7271,Temperature change,2004,2004,°C,0.936000,E
154,'807,North Macedonia,7019,SepOctNov,7271,Temperature change,2005,2005,°C,-0.156000,E
154,'807,North Macedonia,7019,SepOctNov,7271,Temperature change,2006,2006,°C,0.548000,E
154,'807,North Macedonia,7019,SepOctNov,7271,Temperature change,2007,2007,°C,-0.718000,E
154,'807,North Macedonia,7019,SepOctNov,7271,Temperature change,2008,2008,°C,0.669000,E
154,'807,North Macedonia,7019,SepOctNov,7271,Temperature change,2009,2009,°C,0.972000,E
154,'807,North Macedonia,7019,SepOctNov,7271,Temperature change,2010,2010,°C,1.057000,E
154,'807,North Macedonia,7019,SepOctNov,7271,Temperature change,2011,2011,°C,0.255000,E
154,'807,North Macedonia,7019,SepOctNov,7271,Temperature change,2012,2012,°C,2.724000,E
154,'807,North Macedonia,7019,SepOctNov,7271,Temperature change,2013,2013,°C,1.387000,E
154,'807,North Macedonia,7019,SepOctNov,7271,Temperature change,2014,2014,°C,0.797000,E
154,'807,North Macedonia,7019,SepOctNov,7271,Temperature change,2015,2015,°C,2.036000,E
154,'807,North Macedonia,7019,SepOctNov,7271,Temperature change,2016,2016,°C,0.408000,E
154,'807,North Macedonia,7019,SepOctNov,7271,Temperature change,2017,2017,°C,0.718000,E
154,'807,North Macedonia,7019,SepOctNov,7271,Temperature change,2018,2018,°C,1.841000,E
154,'807,North Macedonia,7019,SepOctNov,7271,Temperature change,2019,2019,°C,3.199000,E
154,'807,North Macedonia,7019,SepOctNov,7271,Temperature change,2020,2020,°C,1.761000,E
154,'807,North Macedonia,7019,SepOctNov,7271,Temperature change,2021,2021,°C,0.463000,E
154,'807,North Macedonia,7019,SepOctNov,7271,Temperature change,2022,2022,°C,1.553000,E
154,'807,North Macedonia,7019,SepOctNov,6078,Standard Deviation,1992,1992,°C,,M
154,'807,North Macedonia,7019,SepOctNov,6078,Standard Deviation,1993,1993,°C,,M
154,'807,North Macedonia,7019,SepOctNov,6078,Standard Deviation,1994,1994,°C,,M
154,'807,North Macedonia,7019,SepOctNov,6078,Standard Deviation,1995,1995,°C,,M
154,'807,North Macedonia,7019,SepOctNov,6078,Standard Deviation,1996,1996,°C,,M
154,'807,North Macedonia,7019,SepOctNov,6078,Standard Deviation,1997,1997,°C,,M
154,'807,North Macedonia,7019,SepOctNov,6078,Standard Deviation,1998,1998,°C,,M
154,'807,North Macedonia,7019,SepOctNov,6078,Standard Deviation,1999,1999,°C,,M
154,'807,North Macedonia,7019,SepOctNov,6078,Standard Deviation,2000,2000,°C,,M
154,'807,North Macedonia,7019,SepOctNov,6078,Standard Deviation,2001,2001,°C,,M
154,'807,North Macedonia,7019,SepOctNov,6078,Standard Deviation,2002,2002,°C,,M
154,'807,North Macedonia,7019,SepOctNov,6078,Standard Deviation,2003,2003,°C,,M
154,'807,North Macedonia,7019,SepOctNov,6078,Standard Deviation,2004,2004,°C,,M
154,'807,North Macedonia,7019,SepOctNov,6078,Standard Deviation,2005,2005,°C,,M
154,'807,North Macedonia,7019,SepOctNov,6078,Standard Deviation,2006,2006,°C,,M
154,'807,North Macedonia,7019,SepOctNov,6078,Standard Deviation,2007,2007,°C,,M
154,'807,North Macedonia,7019,SepOctNov,6078,Standard Deviation,2008,2008,°C,,M
154,'807,North Macedonia,7019,SepOctNov,6078,Standard Deviation,2009,2009,°C,,M
154,'807,North Macedonia,7019,SepOctNov,6078,Standard Deviation,2010,2010,°C,,M
154,'807,North Macedonia,7019,SepOctNov,6078,Standard Deviation,2011,2011,°C,,M
154,'807,North Macedonia,7019,SepOctNov,6078,Standard Deviation,2012,2012,°C,,M
154,'807,North Macedonia,7019,SepOctNov,6078,Standard Deviation,2013,2013,°C,,M
154,'807,North Macedonia,7019,SepOctNov,6078,Standard Deviation,2014,2014,°C,,M
154,'807,North Macedonia,7019,SepOctNov,6078,Standard Deviation,2015,2015,°C,,M
154,'807,North Macedonia,7019,SepOctNov,6078,Standard Deviation,2016,2016,°C,,M
154,'807,North Macedonia,7019,SepOctNov,6078,Standard Deviation,2017,2017,°C,,M
154,'807,North Macedonia,7019,SepOctNov,6078,Standard Deviation,2018,2018,°C,,M
154,'807,North Macedonia,7019,SepOctNov,6078,Standard Deviation,2019,2019,°C,,M
154,'807,North Macedonia,7019,SepOctNov,6078,Standard Deviation,2020,2020,°C,,M
154,'807,North Macedonia,7019,SepOctNov,6078,Standard Deviation,2021,2021,°C,,M
154,'807,North Macedonia,7019,SepOctNov,6078,Standard Deviation,2022,2022,°C,,M
154,'807,North Macedonia,7020,Meteorological year,7271,Temperature change,1992,1992,°C,0.020000,E
154,'807,North Macedonia,7020,Meteorological year,7271,Temperature change,1993,1993,°C,-0.010000,E
154,'807,North Macedonia,7020,Meteorological year,7271,Temperature change,1994,1994,°C,1.451000,E
154,'807,North Macedonia,7020,Meteorological year,7271,Temperature change,1995,1995,°C,-0.076000,E
154,'807,North Macedonia,7020,Meteorological year,7271,Temperature change,1996,1996,°C,-0.146000,E
154,'807,North Macedonia,7020,Meteorological year,7271,Temperature change,1997,1997,°C,-0.139000,E
154,'807,North Macedonia,7020,Meteorological year,7271,Temperature change,1998,1998,°C,0.746000,E
154,'807,North Macedonia,7020,Meteorological year,7271,Temperature change,1999,1999,°C,0.586000,E
154,'807,North Macedonia,7020,Meteorological year,7271,Temperature change,2000,2000,°C,1.070000,E
154,'807,North Macedonia,7020,Meteorological year,7271,Temperature change,2001,2001,°C,1.587000,E
154,'807,North Macedonia,7020,Meteorological year,7271,Temperature change,2002,2002,°C,0.364000,E
154,'807,North Macedonia,7020,Meteorological year,7271,Temperature change,2003,2003,°C,0.618000,E
154,'807,North Macedonia,7020,Meteorological year,7271,Temperature change,2004,2004,°C,0.362000,E
154,'807,North Macedonia,7020,Meteorological year,7271,Temperature change,2005,2005,°C,0.148000,E
154,'807,North Macedonia,7020,Meteorological year,7271,Temperature change,2006,2006,°C,0.372000,E
154,'807,North Macedonia,7020,Meteorological year,7271,Temperature change,2007,2007,°C,1.518000,E
154,'807,North Macedonia,7020,Meteorological year,7271,Temperature change,2008,2008,°C,1.128000,E
154,'807,North Macedonia,7020,Meteorological year,7271,Temperature change,2009,2009,°C,1.011000,E
154,'807,North Macedonia,7020,Meteorological year,7271,Temperature change,2010,2010,°C,1.346000,E
154,'807,North Macedonia,7020,Meteorological year,7271,Temperature change,2011,2011,°C,0.735000,E
154,'807,North Macedonia,7020,Meteorological year,7271,Temperature change,2012,2012,°C,1.448000,E
154,'807,North Macedonia,7020,Meteorological year,7271,Temperature change,2013,2013,°C,1.415000,E
154,'807,North Macedonia,7020,Meteorological year,7271,Temperature change,2014,2014,°C,1.292000,E
154,'807,North Macedonia,7020,Meteorological year,7271,Temperature change,2015,2015,°C,1.479000,E
154,'807,North Macedonia,7020,Meteorological year,7271,Temperature change,2016,2016,°C,1.635000,E
154,'807,North Macedonia,7020,Meteorological year,7271,Temperature change,2017,2017,°C,1.060000,E
154,'807,North Macedonia,7020,Meteorological year,7271,Temperature change,2018,2018,°C,2.083000,E
154,'807,North Macedonia,7020,Meteorological year,7271,Temperature change,2019,2019,°C,1.822000,E
154,'807,North Macedonia,7020,Meteorological year,7271,Temperature change,2020,2020,°C,1.467000,E
154,'807,North Macedonia,7020,Meteorological year,7271,Temperature change,2021,2021,°C,1.530000,E
154,'807,North Macedonia,7020,Meteorological year,7271,Temperature change,2022,2022,°C,1.404000,E
154,'807,North Macedonia,7020,Meteorological year,6078,Standard Deviation,1992,1992,°C,,M
154,'807,North Macedonia,7020,Meteorological year,6078,Standard Deviation,1993,1993,°C,,M
154,'807,North Macedonia,7020,Meteorological year,6078,Standard Deviation,1994,1994,°C,,M
154,'807,North Macedonia,7020,Meteorological year,6078,Standard Deviation,1995,1995,°C,,M
154,'807,North Macedonia,7020,Meteorological year,6078,Standard Deviation,1996,1996,°C,,M
154,'807,North Macedonia,7020,Meteorological year,6078,Standard Deviation,1997,1997,°C,,M
154,'807,North Macedonia,7020,Meteorological year,6078,Standard Deviation,1998,1998,°C,,M
154,'807,North Macedonia,7020,Meteorological year,6078,Standard Deviation,1999,1999,°C,,M
154,'807,North Macedonia,7020,Meteorological year,6078,Standard Deviation,2000,2000,°C,,M
154,'807,North Macedonia,7020,Meteorological year,6078,Standard Deviation,2001,2001,°C,,M
154,'807,North Macedonia,7020,Meteorological year,6078,Standard Deviation,2002,2002,°C,,M
154,'807,North Macedonia,7020,Meteorological year,6078,Standard Deviation,2003,2003,°C,,M
154,'807,North Macedonia,7020,Meteorological year,6078,Standard Deviation,2004,2004,°C,,M
154,'807,North Macedonia,7020,Meteorological year,6078,Standard Deviation,2005,2005,°C,,M
154,'807,North Macedonia,7020,Meteorological year,6078,Standard Deviation,2006,2006,°C,,M
154,'807,North Macedonia,7020,Meteorological year,6078,Standard Deviation,2007,2007,°C,,M
154,'807,North Macedonia,7020,Meteorological year,6078,Standard Deviation,2008,2008,°C,,M
154,'807,North Macedonia,7020,Meteorological year,6078,Standard Deviation,2009,2009,°C,,M
154,'807,North Macedonia,7020,Meteorological year,6078,Standard Deviation,2010,2010,°C,,M
154,'807,North Macedonia,7020,Meteorological year,6078,Standard Deviation,2011,2011,°C,,M
154,'807,North Macedonia,7020,Meteorological year,6078,Standard Deviation,2012,2012,°C,,M
154,'807,North Macedonia,7020,Meteorological year,6078,Standard Deviation,2013,2013,°C,,M
154,'807,North Macedonia,7020,Meteorological year,6078,Standard Deviation,2014,2014,°C,,M
154,'807,North Macedonia,7020,Meteorological year,6078,Standard Deviation,2015,2015,°C,,M
154,'807,North Macedonia,7020,Meteorological year,6078,Standard Deviation,2016,2016,°C,,M
154,'807,North Macedonia,7020,Meteorological year,6078,Standard Deviation,2017,2017,°C,,M
154,'807,North Macedonia,7020,Meteorological year,6078,Standard Deviation,2018,2018,°C,,M
154,'807,North Macedonia,7020,Meteorological year,6078,Standard Deviation,2019,2019,°C,,M
154,'807,North Macedonia,7020,Meteorological year,6078,Standard Deviation,2020,2020,°C,,M
154,'807,North Macedonia,7020,Meteorological year,6078,Standard Deviation,2021,2021,°C,,M
154,'807,North Macedonia,7020,Meteorological year,6078,Standard Deviation,2022,2022,°C,,M
